term,term_en,term_ko,mean
Artificial Intelligence (AI)(인공지능),Artificial Intelligence (AI),인공지능,"인공지능은 컴퓨터 시스템이 인간의 지능적 행동을 모방할 수 있도록 설계된 기술입니다. 이러한 기술은 학습, 추론, 문제 해결, 패턴 인식 등을 통해 인간의 지적 활동을 지원하거나 대체할 수 있습니다. AI는 기계 학습, 딥러닝, 자연어 처리 등 다양한 하위 분야로 나뉘며, 이미지 및 음성 인식, 자율 주행, 의료 진단, 추천 시스템 등에서 중요한 역할을 합니다. 최근 AI는 빅데이터와 결합되어 더 정확한 분석과 예측을 가능하게 하고 있으며, 인간과 기계 간의 상호작용을 향상시키고 있습니다."
Internet of Things (IoT)(사물인터넷),Internet of Things (IoT),사물인터넷,"사물인터넷은 인터넷에 연결된 다양한 기기들이 서로 데이터를 주고받고, 자동으로 상호작용하는 기술을 의미합니다. 이 기술은 스마트폰, 가전제품, 자동차 등 물리적인 장치들이 네트워크를 통해 연결되어, 정보를 실시간으로 수집하고 제어할 수 있게 합니다. 예를 들어, 스마트 홈에서는 스마트폰으로 조명이나 온도 조절을 할 수 있으며, 자동차의 원격 진단이나 위치 추적이 가능합니다. IoT는 스마트 시티, 스마트 팩토리, 헬스케어 등 다양한 분야에서 사용되며, 효율성과 편리성을 증대시키고 있습니다."
Blockchain(블록체인),Blockchain,블록체인,"블록체인은 중앙 기관 없이도 네트워크 내에서 거래 기록을 안전하게 관리하는 분산 원장 기술입니다. 블록이라는 데이터 묶음들이 시간 순서대로 체인 형태로 연결되어 있으며, 각 블록은 암호화되어 있어 위변조가 불가능합니다. 이 기술은 주로 암호화폐 거래에서 시작되었지만, 최근에는 금융, 공급망 관리, 투표 시스템 등 다양한 분야에서 활용되고 있습니다. 블록체인은 거래의 투명성을 높이고 신뢰성을 보장할 수 있어, 기존 시스템의 한계를 보완하는 기술로 주목받고 있습니다."
Cloud Computing(클라우드 컴퓨팅),Cloud Computing,클라우드 컴퓨팅,"클라우드 컴퓨팅은 인터넷을 통해 IT 자원, 데이터 저장소, 애플리케이션 등을 제공하는 기술입니다. 사용자는 물리적인 서버나 저장 장치를 직접 소유할 필요 없이, 클라우드 서비스 제공자를 통해 필요한 컴퓨팅 자원을 유연하게 사용할 수 있습니다. 예를 들어, 사용자는 클라우드를 통해 데이터를 저장하거나 소프트웨어를 실행할 수 있으며, 필요에 따라 자원을 확장하거나 축소할 수 있습니다. 클라우드 컴퓨팅은 비용 절감, 관리 편의성, 확장성 등의 이점을 제공하여, 개인 사용자부터 대규모 기업에 이르기까지 광범위하게 사용되고 있습니다."
Quantum Computing(양자 컴퓨팅),Quantum Computing,양자 컴퓨팅,"양자 컴퓨팅은 기존의 이진법 기반 컴퓨터가 아닌, 양자 역학의 원리를 이용하여 데이터를 처리하는 새로운 컴퓨팅 방식입니다. 양자 컴퓨터는 큐비트라는 양자 비트를 사용하여 동시에 여러 상태를 처리할 수 있어, 복잡한 문제를 매우 빠르게 해결할 수 있습니다. 이러한 특성 덕분에 양자 컴퓨팅은 암호 해독, 분자 시뮬레이션, 기계 학습 등에서 혁신적인 잠재력을 가지고 있습니다. 특히, 현재의 슈퍼컴퓨터로는 해결할 수 없는 문제들을 양자 컴퓨터는 비교적 짧은 시간 내에 처리할 수 있어, 연구 및 산업 전반에서 많은 관심을 받고 있습니다."
Edge Computing(엣지 컴퓨팅),Edge Computing,엣지 컴퓨팅,"엣지 컴퓨팅은 데이터 처리를 중앙 서버가 아닌, 데이터가 생성되는 장치 근처에서 수행하는 기술입니다. 이를 통해 실시간 데이터 처리가 가능해지고, 대역폭 소모를 줄일 수 있습니다. 예를 들어, 자율주행차는 차량 내에서 바로 데이터를 분석하고 결정을 내리는 엣지 컴퓨팅을 통해 빠르고 정확한 반응을 할 수 있습니다. 이 기술은 사물인터넷(IoT) 기기가 많아지면서 더욱 중요해졌으며, 클라우드 컴퓨팅과 상호 보완적으로 사용됩니다. 엣지 컴퓨팅은 대규모 데이터 전송과 처리 지연을 최소화하는 데 기여하며, 스마트 시티, 헬스케어, 제조업 등에서 폭넓게 활용됩니다."
Augmented Reality (AR)(증강현실),Augmented Reality (AR),증강 현실,"증강 현실은 현실 세계에 디지털 정보를 겹쳐 보여주는 기술로, 스마트폰이나 특수 장비를 통해 실제 환경 위에 가상의 이미지를 투영할 수 있습니다. 예를 들어, 모바일 게임에서는 실제 공간 위에 가상의 캐릭터나 아이템이 나타나는 방식으로 활용될 수 있습니다. AR은 게임뿐만 아니라, 교육, 의료, 산업 현장에서의 작업 지원 등 다양한 분야에서 사용되며, 현실과 가상의 경계를 허물어 더 직관적이고 몰입감 있는 경험을 제공합니다."
Virtual Reality (VR)(가상 현실),Virtual Reality (VR),가상 현실,"가상 현실은 사용자가 가상의 환경에 몰입할 수 있도록 하는 기술로, 주로 특수한 헤드셋이나 장비를 통해 제공됩니다. VR을 통해 사용자는 완전히 가상으로 구성된 공간에서 상호작용하며, 현실에서는 경험할 수 없는 환경을 체험할 수 있습니다. 이 기술은 주로 게임, 영화, 교육, 훈련 등에서 사용되며, 사용자의 몰입도를 극대화하는 데 중점을 둡니다. 가상 현실은 교육, 훈련, 치료 등 다양한 산업에서도 혁신적인 방식으로 활용되고 있습니다."
Mixed Reality (MR)(혼합 현실),Mixed Reality (MR),혼합 현실,"혼합 현실은 증강 현실과 가상 현실을 결합한 기술로, 현실 세계와 가상의 객체가 상호작용할 수 있는 환경을 제공합니다. MR 장비를 통해 사용자는 현실 세계에서 가상의 물체를 직접 조작하거나, 가상의 환경에서 실제 물체와 상호작용할 수 있습니다. 이 기술은 엔지니어링, 디자인, 교육 등에서 사용되어, 현실과 가상의 경계를 넘나드는 새로운 경험을 제공합니다. MR은 보다 자연스러운 인터페이스를 통해 인간과 컴퓨터 간의 상호작용을 혁신적으로 변화시키고 있습니다."
Digital Twin(디지털 트윈),Digital Twin,디지털 트윈,"디지털 트윈은 실제 물리적인 자산이나 시스템을 가상 공간에 동일하게 구현한 복제 모델입니다. 이를 통해 실제 시스템의 상태를 실시간으로 모니터링하고, 예측을 통해 문제를 사전에 예방할 수 있습니다. 예를 들어, 스마트 공장에서는 기계의 운영 데이터를 수집하여 디지털 트윈을 통해 실시간으로 관리하고 최적화합니다."
Big Data(빅데이터),Big Data,빅데이터,"빅데이터는 매우 큰 규모의 데이터를 의미하며, 이를 분석해 패턴이나 트렌드를 도출합니다. 빅데이터는 여러 출처에서 수집된 다양한 형태의 데이터로 구성되며, 기업들은 이를 통해 더 나은 의사결정을 내리고, 마케팅 전략을 개선하며, 새로운 비즈니스 기회를 발견할 수 있습니다."
Machine Learning (ML)(머신러닝),Machine Learning (ML),머신러닝,"머신러닝은 데이터를 통해 컴퓨터가 스스로 학습하고, 그 결과를 바탕으로 미래의 행동을 예측하거나 결정을 내리는 인공지능의 한 분야입니다. 예를 들어, 이메일 시스템에서 스팸 메일을 자동으로 분류하거나, 추천 알고리즘을 통해 사용자가 관심 있을 만한 콘텐츠를 제공하는 데 사용됩니다."
Deep Learning(딥러닝),Deep Learning,딥러닝,"딥러닝은 다층의 인공 신경망을 통해 컴퓨터가 복잡한 데이터를 학습하고 예측하는 기술입니다. 이미지 인식, 음성 인식, 자연어 처리 등 다양한 분야에서 혁신적인 성과를 이루어내고 있으며, 대량의 데이터를 처리해 사람보다 더 빠르고 정확하게 결과를 도출할 수 있습니다."
Natural Language Processing (NLP)(자연어 처리),Natural Language Processing (NLP),자연어 처리,"자연어 처리는 컴퓨터가 사람의 언어를 이해하고 해석하는 기술입니다. 이 기술은 음성 인식, 자동 번역, 감정 분석, 챗봇 등 다양한 응용 분야에서 사용되며, 컴퓨터와 인간 간의 자연스러운 소통을 가능하게 합니다. 예를 들어, 음성 비서를 통해 날씨를 물어보거나, 검색 엔진에서 질문을 입력하면 그에 맞는 답변을 제공받을 수 있습니다."
Zero Trust Security(제로 트로스트 보안),Zero Trust Security,제로 트러스트 보안,"제로 트러스트 보안은 네트워크의 내부와 외부를 구분하지 않고, 모든 사용자와 디바이스에 대해 인증을 요구하는 보안 전략입니다. 이를 통해 외부 해커뿐만 아니라 내부에서 발생할 수 있는 위협도 차단할 수 있으며, 최근 사이버 보안에서 가장 중요한 보안 모델로 주목받고 있습니다."
Ransomware(랜섬웨어),Ransomware,랜섬웨어,"랜섬웨어는 사용자나 조직의 데이터를 암호화한 후, 이를 해제하기 위해 금전을 요구하는 악성 프로그램입니다. 랜섬웨어 공격을 당한 경우, 데이터 복구가 어려워 큰 금전적 손실이 발생할 수 있으며, 공격자는 보통 암호화폐를 통해 몸값을 요구합니다. 이를 방지하기 위해서는 정기적인 백업과 보안 솔루션의 사용이 필수적입니다."
Distributed Denial of Service (DDoS)(디도스),Distributed Denial of Service (DDoS),디도스,"DDoS 공격은 여러 대의 컴퓨터를 이용해 특정 서버에 대량의 요청을 보내 과부하를 일으켜 서비스 제공을 방해하는 공격입니다. 이러한 공격은 웹사이트, 네트워크 등 다양한 서비스에 심각한 장애를 일으키며, 방어하기 위해서는 다양한 네트워크 보안 기술이 필요합니다."
Encryption(암호화),Encryption,암호화,"암호화는 중요한 정보를 보호하기 위해 데이터를 특정 알고리즘을 사용해 알아볼 수 없는 형식으로 변환하는 기술입니다. 암호화된 데이터는 암호 해독 키를 가진 사람만이 원래의 정보로 되돌릴 수 있으며, 이는 개인 정보 보호와 데이터 보안에서 필수적인 기술입니다."
Multi-Factor Authentication (MFA)(다중인중),Multi-Factor Authentication (MFA),다중 인증,"다중 인증은 사용자가 로그인할 때 여러 단계의 인증 절차를 거쳐 신원을 확인하는 방법입니다. 비밀번호 외에도 모바일 기기로 전송된 코드나 생체 인식 정보를 함께 요구함으로써 보안 수준을 높이며, 비밀번호만으로는 부족한 보안 문제를 해결할 수 있습니다."
Biometric Authentication(바이오 인증),Biometric Authentication,바이오 인증,"바이오 인증은 사용자의 생체 정보를 기반으로 신원을 확인하는 인증 방식입니다. 지문, 얼굴, 홍채, 음성 등을 이용해 본인 인증을 할 수 있으며, 이 방식은 비밀번호보다 보안성이 높고, 편리하게 사용할 수 있어 점점 더 많은 분야에서 도입되고 있습니다."
Digital Forensics(디지털 포렌식),Digital Forensics,디지털 포렌식,"디지털 포렌식은 디지털 기기에 남겨진 데이터를 수집하고 분석해 범죄 수사에 활용하는 기술입니다. 컴퓨터, 스마트폰, 네트워크 장비 등에서 삭제된 파일을 복구하거나, 해킹 흔적을 찾아내는 데 사용되며, 법적 증거로 활용될 수 있습니다."
Network Slicing(네트워크 슬라이싱),Network Slicing,네트워크 슬라이싱,"네트워크 슬라이싱은 하나의 물리적인 네트워크를 여러 개의 가상 네트워크로 분할하여, 각 네트워크가 서로 독립적으로 운영될 수 있도록 하는 기술입니다. 주로 5G 네트워크에서 사용되며, 각 슬라이스는 다양한 서비스나 응용 프로그램의 요구에 맞게 맞춤형 네트워크 성능을 제공합니다."
5G Network(5G 네트워크),5G Network,5G 네트워크,"5G 네트워크는 차세대 이동통신 기술로, 이전 세대인 4G보다 훨씬 빠른 속도와 낮은 지연 시간을 제공합니다. 이는 자율주행차, 스마트 시티, 가상 현실 등 고속 데이터 전송이 필요한 미래 기술의 핵심 인프라로 작용하며, 더 많은 기기가 동시에 연결될 수 있습니다."
6G Network(6G 네트워크),6G Network,6G 네트워크,"6G 네트워크는 5G를 이어받은 차세대 통신 기술로, 5G보다 훨씬 더 빠른 속도와 높은 데이터 전송 능력을 제공할 것으로 기대됩니다. 아직 개발 단계에 있으며, 초저지연성과 초고속 전송을 통해 다양한 신기술을 지원하는 인프라로 자리 잡을 예정입니다."
Autonomous Driving(자율 주행),Autonomous Driving,자율 주행,"자율 주행은 차량이 운전자의 개입 없이 스스로 주행하는 기술입니다. 인공지능과 다양한 센서를 통해 주변 환경을 인식하고, 경로를 계획하며, 안전하게 목적지까지 이동할 수 있도록 설계되었습니다. 이는 미래 교통의 중요한 혁신 기술로 평가받고 있습니다."
Smart City(스마트 시티),Smart City,스마트 시티,"스마트 시티는 정보통신기술(ICT)을 활용해 도시의 자원 관리와 운영을 최적화하고, 시민들에게 더 나은 삶의 질을 제공하는 도시를 의미합니다. 교통, 에너지, 환경, 안전 등 다양한 분야에서 기술을 도입해 효율성을 높이고, 지속 가능한 도시 발전을 목표로 합니다."
Autonomous Drone(자율 드론),Autonomous Drone,자율 드론,"자율 드론은 사람의 조종 없이 스스로 비행하며, 주어진 임무를 수행할 수 있는 무인 항공기입니다. 이를 통해 물류, 감시, 촬영, 재난 구호 등 다양한 분야에서 활용되며, 자율 주행과 마찬가지로 인공지능을 통해 환경을 인식하고 비행 경로를 조정합니다."
Passwordless Authentication(패스워드 없는 인증),Passwordless Authentication,패스워드 없는 인증,"패스워드 없는 인증은 비밀번호를 입력하지 않고도 시스템에 접근할 수 있도록 하는 인증 방식입니다. 사용자는 비밀번호 대신 생체 인식(예: 지문, 얼굴 인식), 일회용 코드(OTP), 인증 앱, 또는 하드웨어 키와 같은 안전한 인증 방법을 사용하여 신원을 확인합니다. 이 방식은 비밀번호 관리의 복잡함을 줄이고, 해킹이나 피싱 공격에 더 강력한 보안을 제공해, 사용자 경험과 보안성을 동시에 개선합니다."
Data Labeling(데이터 레이블링),Data Labeling,데이터 레이블링,"데이터 레이블링은 머신러닝 모델을 훈련하기 위해 데이터를 정리하고 라벨을 부여하는 과정입니다. 예를 들어, 이미지에서 고양이와 개를 분류하기 위해 각 이미지에 '고양이', '개'라는 라벨을 붙입니다. 이를 통해 머신러닝 모델이 데이터를 학습하고 정확한 예측을 할 수 있도록 돕습니다. 이 과정은 데이터의 품질을 높이고 모델의 성능을 크게 향상시키는 중요한 단계입니다."
Exoskeleton(엑소스켈레톤),Exoskeleton,엑소스켈레톤,"엑소스켈레톤은 인간의 신체 외부에 장착하여 근력을 보조하거나 신체 기능을 확장하는 외골격 장치입니다. 주로 재활치료, 물리치료, 군사, 산업 현장에서 사용되며, 근육 약화 환자의 보행을 돕거나, 중장비 작업자에게 체력 보조 기능을 제공합니다. 엑소스켈레톤은 사용자에게 추가적인 힘과 이동성을 제공하여 신체적 한계를 극복할 수 있게 해줍니다."
3D Printing(3D 프린팅),3D Printing,3D 프린팅,"3D 프린팅은 디지털 설계를 바탕으로 물체를 층층이 쌓아가며 제작하는 기술입니다. 이 기술은 기존의 제조 방식과 달리, 복잡한 형상도 손쉽게 제작할 수 있으며, 부품, 프로토타입, 심지어 의학용 장기까지 다양한 분야에서 활용됩니다. 3D 프린팅은 제품 개발 시간을 단축시키고, 맞춤형 제작이 가능해지면서 산업 전반에 큰 변화를 가져왔습니다."
Gene Editing(유전자 편집),Gene Editing,유전자 편집,"유전자 편집은 특정 유전자를 변형하거나 제거하여 생물체의 유전적 특성을 바꾸는 기술입니다. 크리스퍼(CRISPR)와 같은 첨단 기술을 통해 유전자를 정밀하게 편집할 수 있으며, 이를 통해 질병 치료, 농업 생산성 향상, 생물학적 연구 등에서 광범위하게 활용되고 있습니다. 특히 유전자 편집은 희귀 유전 질환의 치료 가능성을 높이는 혁신적인 도구로 평가받고 있습니다."
Nanotechnology(나노기술),Nanotechnology,나노기술,"나노기술은 매우 작은 크기(나노미터 수준)에서 물질을 조작하고, 이를 통해 새로운 특성과 기능을 발현시키는 기술입니다. 이 기술은 의학, 전자, 에너지 등 다양한 산업에서 활용되며, 예를 들어 나노입자를 이용한 항암 치료나 초고효율 배터리 개발 등에 적용됩니다. 나노기술은 우리가 일상적으로 사용하는 물질을 근본적으로 변화시킬 잠재력을 가진 혁신적인 분야입니다."
Smart Contract(스마트 계약),Smart Contract,스마트 계약,"스마트 계약은 블록체인 기술을 기반으로 작성된 자동화된 계약입니다. 계약 조건이 충족되면 자동으로 실행되며, 이를 통해 중개자 없이 투명하고 신뢰할 수 있는 거래가 가능합니다. 스마트 계약은 주로 금융 거래, 공급망 관리, 디지털 자산 거래 등에 사용되며, 거래의 효율성을 높이고 신뢰 문제를 해결하는 데 큰 역할을 합니다."
AI Trust(AI 트러스트),AI Trust,AI 트러스트,"AI 트러스트는 인공지능 시스템이 신뢰할 수 있고 안전하게 작동할 수 있도록 보장하는 개념입니다. 이는 AI 시스템이 정확하고 공정하게 동작하며, 편향이나 오류가 없고, 투명성을 유지하면서 의사결정 과정을 설명할 수 있도록 하는 데 초점을 맞춥니다. AI 트러스트는 AI 기술의 책임 있는 사용을 보장하며, 이를 통해 사회적 신뢰를 확보하는 데 중요한 역할을 합니다."
AI Ethics(AI 윤리),AI Ethics,AI 윤리,"AI 윤리는 인공지능 기술의 개발과 사용 과정에서 윤리적 문제를 고려하는 원칙을 말합니다. AI 시스템이 공정하고, 차별 없이 작동하며, 인간의 프라이버시를 보호하고, 예기치 않은 위험을 방지하는 데 중점을 둡니다. AI 윤리는 인공지능의 발전이 인류에게 긍정적인 영향을 미치도록 가이드라인을 제공하며, 기술의 책임 있는 사용을 촉구합니다."
AI Accelerator(AI 가속기),AI Accelerator,AI 가속기,"AI 가속기는 인공지능 알고리즘의 계산 속도를 높이기 위해 설계된 하드웨어 장치입니다. GPU, TPU와 같은 AI 전용 프로세서는 대량의 데이터를 병렬로 처리해, 딥러닝 모델의 학습 속도를 획기적으로 향상시킵니다. 이를 통해 복잡한 AI 모델을 더욱 빠르게 학습시킬 수 있으며, 자율 주행차, 로봇, 음성 인식 시스템 등 다양한 분야에서 사용됩니다."
AI Model Interpretability(AI 모델 해석성),AI Model Interpretability,AI 모델 해석성,"AI 모델 해석성은 복잡한 인공지능 모델의 내부 동작을 이해하고 설명할 수 있는 능력을 말합니다. 이는 AI가 내린 결정을 사용자에게 설명할 수 있도록 하여, 그 결과가 왜 도출되었는지 알 수 있게 합니다. 특히 의료, 금융, 법률 등 중요한 의사결정이 필요한 분야에서는 AI 모델의 해석 가능성이 신뢰와 안전성을 높이는 중요한 요소로 작용합니다."
Edge AI(엣지 AI),Edge AI,엣지 AI,"엣지 AI는 클라우드 서버가 아닌, 현장에서 데이터를 처리하는 인공지능 기술입니다. 예를 들어, 자율주행차, 스마트 카메라, IoT 장치 등이 엣지 AI를 사용해 실시간으로 데이터를 처리하고, 분석하며, 의사결정을 내립니다. 이를 통해 지연 시간을 줄이고, 클라우드로 전송되는 데이터 양을 줄이며, 더 빠르고 효율적인 AI 서비스를 제공합니다."
Cloud Native(클라우드 네이티브),Cloud Native,클라우드 네이티브,"클라우드 네이티브는 애플리케이션이 클라우드 환경에서 효율적으로 운영되도록 설계된 개발 방식을 말합니다. 이는 컨테이너, 마이크로서비스 아키텍처, CI/CD(지속적 통합/지속적 배포) 등을 활용해 애플리케이션의 유연성과 확장성을 극대화합니다. 클라우드 네이티브 기술을 사용하면 애플리케이션을 더 빠르게 배포하고, 안정적으로 운영할 수 있습니다."
AIOps(AI옵스),AIOps,AI옵스,"AIOps는 인공지능을 활용해 IT 운영을 자동화하고 최적화하는 기술입니다. 이는 대량의 운영 데이터를 실시간으로 분석해 장애를 예측하고 문제를 자동으로 해결하는 기능을 제공합니다. AIOps는 IT 시스템의 복잡성이 증가함에 따라 운영 효율성을 높이고, 다운타임을 줄이며, 더 나은 성능을 유지하는 데 도움을 줍니다."
Serverless Computing(서버리스 컴퓨팅),Serverless Computing,서버리스 컴퓨팅,"서버리스 컴퓨팅은 애플리케이션을 실행하는 데 필요한 서버 관리를 개발자가 직접 하지 않고, 클라우드 서비스 제공자가 서버 자원을 자동으로 관리하는 기술입니다. 개발자는 오직 코드를 작성하고 배포하면, 서버의 설정, 유지 보수, 확장성 등을 클라우드 플랫폼에서 처리합니다. 이를 통해 개발자는 인프라 관리에 신경 쓰지 않고도 빠르게 서비스를 배포하고 운영할 수 있습니다. 대표적인 예로 AWS Lambda가 있습니다."
API Gateway(API 게이트웨이),API Gateway,API 게이트웨이,"API 게이트웨이는 여러 API 서비스에 대한 요청을 수신하고, 그 요청을 적절한 서비스로 라우팅하는 중간 관리 계층입니다. API 게이트웨이는 다양한 API의 보안, 인증, 트래픽 관리, 로깅 등을 한 곳에서 관리할 수 있게 하며, 서비스 간의 복잡한 연결을 단순화합니다. 특히 마이크로서비스 아키텍처에서 중요한 역할을 하며, 여러 서비스가 독립적으로 동작할 수 있도록 지원합니다."
Containerization(컨테이너화),Containerization,컨테이너화,"컨테이너화는 소프트웨어를 실행하는 데 필요한 모든 파일, 라이브러리, 의존성을 하나의 패키지로 묶어, 운영 체제에 구애받지 않고 어디서든 동일한 환경에서 실행할 수 있도록 하는 기술입니다. 대표적인 컨테이너화 도구로는 도커(Docker)가 있으며, 이를 통해 애플리케이션의 이동성과 확장성이 크게 향상됩니다. 이는 개발과 운영 환경의 불일치를 줄이고, 빠른 배포를 가능하게 합니다."
Microservices(마이크로서비스),Microservices,마이크로서비스,"마이크로서비스 아키텍처는 큰 단일 애플리케이션을 여러 개의 독립적인 작은 서비스로 나누어 개발하는 방식입니다. 각 서비스는 고유한 기능을 수행하며, 독립적으로 배포되고 운영될 수 있습니다. 이를 통해 애플리케이션의 확장성, 유지 보수성, 그리고 개발 효율성을 높일 수 있습니다. 예를 들어, 전자 상거래 시스템에서는 사용자 관리, 주문 처리, 결제 관리 등을 각각의 마이크로서비스로 분리할 수 있습니다."
Kubernetes(쿠버네티스),Kubernetes,쿠버네티스,"쿠버네티스는 컨테이너화된 애플리케이션의 배포, 확장, 운영을 자동화하는 오픈 소스 플랫폼입니다. 수천 개의 컨테이너를 효율적으로 관리하며, 장애가 발생해도 자동으로 복구하는 기능을 제공합니다. 또한 클러스터링을 통해 여러 서버에서 애플리케이션을 실행할 수 있어, 대규모 서비스를 안정적으로 운영할 수 있습니다."
Docker(도커),Docker,도커,"도커는 소프트웨어를 컨테이너로 묶어 배포할 수 있게 해주는 도구입니다. 컨테이너 안에는 애플리케이션이 구동되기 위해 필요한 모든 파일과 의존성이 포함되어 있어, 운영 체제나 하드웨어 환경에 상관없이 동일하게 실행됩니다. 이를 통해 개발 환경과 운영 환경 간의 차이를 줄이고, 소프트웨어를 빠르고 효율적으로 배포할 수 있습니다."
Infrastructure Automation(인프라 자동화),Infrastructure Automation,인프라 자동화,"인프라 자동화는 IT 인프라를 수동으로 설정하고 관리하는 대신, 자동화 도구를 사용해 인프라를 설정하고 운영하는 방법입니다. 이를 통해 서버 설정, 네트워크 관리, 스토리지 배치 등의 작업을 자동화하여 시간과 비용을 절감하고, 오류를 줄일 수 있습니다. 예를 들어, Terraform과 Ansible 같은 도구가 널리 사용됩니다."
Infrastructure as Code (IaC)(인프라 코드로 관리),Infrastructure as Code (IaC),인프라 코드로 관리,"인프라 코드로 관리는 IT 인프라를 설정하는 과정을 코드로 작성하고, 이를 통해 자동으로 인프라를 배포하고 관리하는 방식을 말합니다. 인프라 설정을 문서화하고, 버전 관리를 통해 지속적으로 업데이트할 수 있습니다. 이를 통해 인프라 배포의 일관성과 효율성을 높일 수 있습니다. 대표적인 도구로는 Terraform과 AWS CloudFormation이 있습니다."
Software as a Service (SaaS)(서비스형 소프트웨어),Software as a Service (SaaS),서비스형 소프트웨어,"SaaS는 클라우드를 통해 소프트웨어를 서비스로 제공하는 모델입니다. 사용자는 별도의 소프트웨어를 설치하지 않고, 인터넷을 통해 소프트웨어를 사용하며, 소프트웨어의 유지보수와 업데이트는 서비스 제공자가 처리합니다. 예로는 구글 워크스페이스나 마이크로소프트의 오피스 365가 있으며, 이를 통해 비용 절감과 유연한 사용이 가능합니다."
Infrastructure as a Service (IaaS)(서비스형 인프라),Infrastructure as a Service (IaaS),서비스형 인프라,"IaaS는 물리적 서버, 스토리지, 네트워크 등의 인프라 자원을 클라우드에서 서비스로 제공하는 모델입니다. 사용자는 필요한 만큼의 자원을 사용하고, 인프라의 유지 보수는 클라우드 제공자가 처리합니다. 이를 통해 기업은 서버를 직접 구매하지 않아도 필요에 따라 유연하게 자원을 확장할 수 있습니다. 대표적인 예로는 AWS, Microsoft Azure가 있습니다."
Platform as a Service (PaaS)(서비스형 플랫폼),Platform as a Service (PaaS),서비스형 플랫폼,"PaaS는 소프트웨어 개발과 배포를 위한 플랫폼을 클라우드로 제공하는 서비스 모델입니다. 개발자는 서버 관리나 인프라 설정에 신경 쓰지 않고, 애플리케이션 개발에만 집중할 수 있습니다. PaaS는 운영체제, 데이터베이스, 웹 서버 등을 자동으로 관리하며, 빠른 개발과 배포를 지원합니다. Google App Engine이 PaaS의 대표적인 예입니다."
Data Deduplication(데이터 중복 제거),Data Deduplication,데이터 중복 제거,"데이터 중복 제거는 저장소에 중복된 데이터를 제거하여 저장 공간을 효율적으로 사용하는 기술입니다. 동일한 데이터가 여러 번 저장되지 않도록 하고, 이를 통해 스토리지 비용을 줄이며 데이터 관리의 효율성을 높입니다. 백업 시스템이나 클라우드 스토리지에서 자주 사용되는 기술입니다."
Distributed Ledger Technology(분산 원장 기술),Distributed Ledger Technology,분산 원장 기술,"분산 원장 기술은 여러 곳에 분산된 컴퓨터 네트워크가 공유하는 데이터베이스입니다. 블록체인이 대표적인 분산 원장 기술의 한 예입니다. 모든 참여자가 동일한 원장을 공유함으로써 중앙 관리자가 없이도 신뢰성과 투명성을 보장할 수 있습니다. 이를 통해 금융 거래, 계약 관리 등에서 보안성과 효율성을 제공합니다."
Multi-Cloud(멀티 클라우드),Multi-Cloud,멀티 클라우드,"멀티 클라우드는 여러 클라우드 제공자의 서비스를 동시에 사용하는 전략입니다. 이를 통해 하나의 클라우드 제공자에 종속되지 않고, 각 제공자의 장점을 극대화하며 서비스를 운영할 수 있습니다. 또한, 장애가 발생했을 때 백업 클라우드를 통해 서비스가 지속적으로 운영될 수 있도록 보장합니다."
Hybrid Cloud(하이브리드 클라우드),Hybrid Cloud,하이브리드 클라우드,"하이브리드 클라우드는 공공 클라우드와 사설 클라우드를 결합해 사용하는 방식입니다. 민감한 데이터는 사설 클라우드에, 일반 데이터는 공공 클라우드에 저장하여 보안성과 비용 효율성을 모두 확보할 수 있습니다. 이는 기업이 필요한 자원을 유연하게 배치하고 관리할 수 있는 강력한 솔루션입니다."
Fog Computing(포그 컴퓨팅),Fog Computing,포그 컴퓨팅,"포그 컴퓨팅은 클라우드 컴퓨팅과 엣지 컴퓨팅을 결합한 개념으로, 데이터 처리와 저장을 클라우드뿐 아니라 네트워크의 엣지에서도 수행하는 방식입니다. 이를 통해 실시간 데이터를 빠르게 처리할 수 있으며, 자율주행차, 스마트 시티 등의 애플리케이션에서 사용됩니다. 포그 컴퓨팅은 클라우드로 데이터를 모두 전송하지 않고, 가까운 곳에서 처리하여 지연 시간을 줄입니다."
Green IT(그린 IT),Green IT,그린 IT,"그린 IT는 에너지 절약과 환경 보호를 목표로 한 정보 기술의 사용을 의미합니다. 이는 데이터 센터에서의 전력 소비를 줄이거나, 에너지 효율적인 장비를 사용하는 등 환경에 미치는 영향을 최소화하는 기술들을 포함합니다. 그린 IT는 지속 가능한 기술 발전과 함께 기업의 사회적 책임을 반영하는 중요한 요소로 부각되고 있습니다."
Renewable Energy Technology(재생 가능한 에너지 기술),Renewable Energy Technology,재생 가능한 에너지 기술,"재생 가능한 에너지 기술은 태양광, 풍력, 수력과 같은 재생 가능한 자원을 이용해 에너지를 생산하는 기술입니다. 이 기술은 환경 오염을 줄이고, 에너지의 지속 가능한 공급을 가능하게 합니다. 전 세계적으로 탄소 배출을 줄이기 위한 노력의 일환으로 재생 가능 에너지 기술의 연구와 개발이 활발히 이루어지고 있습니다."
Smart Grid(스마트 그리드),Smart Grid,스마트 그리드,"스마트 그리드는 기존 전력망에 정보통신기술(ICT)을 접목하여 전력의 공급과 소비를 실시간으로 제어하는 전력망 시스템을 말합니다. 스마트 그리드는 전력 사용 데이터를 실시간으로 수집, 분석하여 에너지 효율성을 극대화하며, 재생 가능 에너지원과 통합될 수 있어 환경 친화적입니다. 이를 통해 전력 소비자의 사용 패턴을 분석하고, 피크 시간대의 전력 수요를 효과적으로 관리하여 전력 낭비를 줄일 수 있습니다."
E-Government(전자 정부),E-Government,전자 정부,"전자 정부는 정보통신기술을 활용해 정부의 행정 서비스와 절차를 디지털화한 시스템을 의미합니다. 이를 통해 시민들은 정부 서비스를 인터넷이나 모바일을 통해 간편하게 이용할 수 있으며, 행정 처리 과정이 투명해지고 효율성이 높아집니다. 전자 정부는 공공 정보의 접근성을 높이고, 행정 비용 절감과 함께 시민과 정부 간의 소통을 촉진합니다."
Smart Healthcare(스마트 헬스케어),Smart Healthcare,스마트 헬스케어,"스마트 헬스케어는 정보통신기술을 의료에 접목하여, 환자 모니터링, 진단, 치료 등을 자동화하고 효율적으로 관리하는 시스템을 의미합니다. 스마트 헬스케어는 웨어러블 기기, 원격 의료, AI 기반 진단 도구 등을 통해 개인의 건강 상태를 실시간으로 모니터링하고 맞춤형 치료를 제공하는 것을 목표로 합니다. 이를 통해 환자와 의사 간의 소통이 향상되고, 의료 서비스의 접근성과 품질이 개선됩니다."
Privacy Enhancing Technologies (PET)(개인 정보 보호 강화 기술),Privacy Enhancing Technologies (PET),개인 정보 보호 강화 기술,"개인 정보 보호 강화 기술(PET)은 사용자의 프라이버시를 보호하기 위해 데이터를 암호화하거나 최소한의 정보만을 공유하는 기술을 의미합니다. 이는 데이터가 분석되거나 처리되는 동안에도 사용자 정보를 보호할 수 있도록 설계된 기술로, 동형 암호화, 익명화, 차등 프라이버시 등 다양한 기술을 포함합니다. PET는 특히 개인 정보 보호가 중요한 금융, 의료 분야에서 많이 사용됩니다."
Homomorphic Encryption(동형 암호화),Homomorphic Encryption,동형 암호화,"동형 암호화는 데이터를 암호화한 상태에서도 그 데이터를 직접 처리하거나 분석할 수 있는 암호화 기술을 의미합니다. 예를 들어, 암호화된 데이터를 해독하지 않고도 계산을 수행하고 그 결과를 다시 암호화된 상태로 유지할 수 있습니다. 이 기술은 민감한 데이터의 프라이버시를 보호하면서도 클라우드 상에서 안전하게 데이터 처리를 할 수 있도록 해 줍니다."
Quantum Encryption(양자 암호화),Quantum Encryption,양자 암호화,"양자 암호화는 양자 물리학의 원리를 이용해 데이터를 안전하게 보호하는 암호화 기술입니다. 양자 키 분배(QKD)를 사용해 통신하는 양 당사자 간에 암호 키를 안전하게 공유할 수 있으며, 만약 키가 도청되면 즉시 그 사실을 알 수 있습니다. 양자 암호화는 기존 암호화 방법보다 훨씬 더 높은 보안을 제공하기 때문에, 미래의 보안 기술로 각광받고 있습니다."
Data Analytics(데이터 분석),Data Analytics,데이터 분석,"데이터 분석은 대량의 데이터를 수집, 처리, 분석하여 유의미한 통찰을 도출하는 과정을 의미합니다. 이를 통해 기업이나 기관은 의사 결정에 필요한 정보를 얻고, 소비자 행동을 예측하거나 운영 효율성을 높일 수 있습니다. 데이터 분석은 정형 데이터와 비정형 데이터를 모두 처리할 수 있으며, 다양한 산업 분야에서 중요한 역할을 합니다."
Predictive Analytics(예측 분석),Predictive Analytics,예측 분석,"예측 분석은 과거 데이터를 분석해 미래의 트렌드나 행동을 예측하는 데이터 분석 방법입니다. 이를 통해 기업은 시장 변화를 미리 파악하고, 리스크 관리, 고객 행동 예측, 수요 예측 등의 분야에서 경쟁 우위를 가질 수 있습니다. 머신러닝이나 통계 모델링 기법이 예측 분석에 활용됩니다."
Real-Time Analytics(실시간 분석),Real-Time Analytics,실시간 분석,"실시간 분석은 데이터를 수집하는 즉시 처리하고 분석하여, 실시간으로 의사 결정을 내릴 수 있게 하는 기술입니다. 이를 통해 기업이나 기관은 빠르게 변화하는 환경에 즉각 대응할 수 있으며, 실시간 트래픽 모니터링, 금융 거래 분석, IoT 디바이스 데이터 분석 등에 널리 사용됩니다."
Social Media Analytics(소셜 미디어 분석),Social Media Analytics,소셜 미디어 분석,"소셜 미디어 분석은 트위터, 페이스북, 인스타그램 등의 소셜 미디어 플랫폼에서 생성된 데이터를 수집하고 분석하는 과정을 의미합니다. 이를 통해 기업은 소비자의 의견, 감정, 트렌드 등을 파악하고, 마케팅 전략을 수립하거나 고객 만족도를 향상시킬 수 있습니다. 소셜 미디어 분석은 특히 브랜드 모니터링과 고객 피드백 분석에 유용합니다."
Sentiment Analysis(감정 분석),Sentiment Analysis,감정 분석,"감정 분석은 텍스트 데이터를 분석해 그 안에 담긴 감정이나 의견을 파악하는 기술입니다. 예를 들어, 소셜 미디어 게시글, 리뷰, 설문 응답 등을 분석해 사람들이 특정 제품이나 서비스에 대해 긍정적인지 부정적인지를 알아낼 수 있습니다. 감정 분석은 마케팅, 고객 지원, 여론 분석 등에 널리 사용됩니다."
Text Mining(텍스트 마이닝),Text Mining,텍스트 마이닝,"텍스트 마이닝은 대량의 텍스트 데이터를 분석해 유의미한 정보를 추출하는 과정입니다. 자연어 처리(NLP) 기술을 활용해 문서에서 핵심어를 추출하거나 패턴을 찾아내는 데 사용됩니다. 텍스트 마이닝은 고객 피드백 분석, 법률 문서 검토, 학술 논문 분석 등 다양한 분야에서 활용됩니다."
Recommendation System(추천 시스템),Recommendation System,추천 시스템,"추천 시스템은 사용자의 선호도나 행동을 기반으로 개인 맞춤형 콘텐츠나 제품을 추천하는 기술입니다. 넷플릭스의 영화 추천, 아마존의 상품 추천 등이 대표적인 예입니다. 추천 시스템은 과거의 데이터와 사용자 프로필을 분석해, 각 사용자에게 최적화된 추천을 제공함으로써 사용자 경험을 개선하고 판매를 촉진합니다."
Data Visualization(데이터 시각화),Data Visualization,데이터 시각화,"데이터 시각화는 복잡한 데이터를 그래프, 차트, 지도 등으로 시각적으로 표현하여 쉽게 이해할 수 있도록 하는 과정입니다. 이를 통해 데이터 패턴, 트렌드, 이상치를 빠르게 파악할 수 있으며, 의사 결정 과정에서 중요한 역할을 합니다. 데이터 시각화는 다양한 비즈니스 보고서나 프레젠테이션에서 중요한 도구로 사용됩니다."
Data Lake(데이터 레이크),Data Lake,데이터 레이크,"데이터 레이크는 다양한 형태의 데이터를 원시 상태로 저장하는 저장소입니다. 정형 데이터, 비정형 데이터, 반정형 데이터 등 모든 유형의 데이터를 저장할 수 있으며, 필요할 때 데이터를 분석하거나 처리할 수 있습니다. 데이터 레이크는 대규모 데이터 처리를 위해 클라우드 환경에서 자주 사용됩니다."
Data Warehouse(데이터 웨어하우스),Data Warehouse,데이터 웨어하우스,"데이터 웨어하우스는 조직 내에서 발생하는 대량의 데이터를 저장하고 분석하기 위한 중앙 저장소입니다. 데이터 웨어하우스는 구조화된 데이터를 저장하며, 주로 보고서 작성이나 분석 목적으로 사용됩니다. 이를 통해 여러 출처의 데이터를 통합하고, 빠르게 접근하여 의사 결정을 내릴 수 있습니다."
Data Broker(데이터 브로커),Data Broker,데이터 브로커,"데이터 브로커는 여러 출처에서 데이터를 수집한 후, 이를 가공하거나 판매하는 기업을 의미합니다. 데이터 브로커는 개인 정보, 기업 정보, 시장 데이터 등 다양한 데이터를 수집하여, 기업이나 기관이 마케팅, 시장 조사, 비즈니스 전략 수립에 활용할 수 있도록 제공합니다."
Open Data(오픈 데이터),Open Data,오픈 데이터,"오픈 데이터는 누구나 자유롭게 접근하고 사용할 수 있도록 공개된 데이터를 의미합니다. 이러한 데이터는 공공기관, 정부, 연구기관 등에서 제공하며, 재사용과 재배포가 가능하고, 다양한 목적에 따라 활용될 수 있습니다. 오픈 데이터는 공공의 이익을 위해 투명성을 증대시키고, 혁신적인 연구와 개발을 촉진하는 데 중요한 역할을 합니다."
Data Governance(데이터 거버넌스),Data Governance,데이터 거버넌스,"데이터 거버넌스는 데이터의 품질, 보안, 일관성을 유지하면서 조직 내에서 데이터를 효과적으로 관리하고 사용하는 정책과 절차를 의미합니다. 이는 데이터의 수집, 저장, 사용, 공유, 삭제 등의 과정에서 책임과 권한을 명확히 하고, 데이터를 전략적으로 활용하여 비즈니스 가치를 극대화할 수 있도록 지원합니다. 데이터 거버넌스는 데이터 관리와 관련된 법적 규제 준수에도 중요한 역할을 합니다."
Data Security(데이터 보안),Data Security,데이터 보안,"데이터 보안은 데이터를 무단 접근, 수정, 삭제 또는 손상으로부터 보호하는 모든 조치를 의미합니다. 데이터 보안은 암호화, 인증, 접근 제어 등의 기술을 활용해 민감한 정보를 안전하게 보호하며, 특히 사이버 공격이나 데이터 유출과 같은 보안 위협에 대응하는 데 중요한 역할을 합니다. 데이터 보안은 정보 기술(IT) 인프라의 필수 요소입니다."
Data Backup and Recovery(데이터 백업 및 복구),Data Backup and Recovery,데이터 백업 및 복구,"데이터 백업은 중요한 데이터를 주기적으로 복사하여 별도의 장소에 저장하는 것을 의미하며, 데이터 복구는 손실된 데이터를 다시 복원하는 과정을 의미합니다. 백업 및 복구는 데이터 손실로부터 시스템을 보호하는 중요한 전략으로, 자연 재해, 사이버 공격, 시스템 오류 등으로부터 데이터를 보호하고, 비즈니스 연속성을 유지하는 데 필수적입니다."
Cyber Threat Intelligence(사이버 위협 인텔리전스),Cyber Threat Intelligence,사이버 위협 인텔리전스,"사이버 위협 인텔리전스는 사이버 보안 위협에 대한 정보를 수집, 분석하여 조직의 보안 방어 전략을 강화하는 프로세스를 의미합니다. 이 정보는 악성코드, 해커의 공격 기법, 새로운 취약점 등과 관련되며, 이를 통해 공격을 사전에 예측하고 방어할 수 있습니다. 사이버 위협 인텔리전스는 보안 사고를 예방하고 대응하는 데 중요한 자산입니다."
Malware Detection(멀웨어 탐지),Malware Detection,멀웨어 탐지,"멀웨어 탐지는 컴퓨터 시스템이나 네트워크에 침투한 악성 소프트웨어(멀웨어)를 감지하는 과정입니다. 멀웨어는 바이러스, 트로이 목마, 랜섬웨어 등과 같이 시스템에 손상을 입히거나 정보를 훔치는 악성 프로그램을 말합니다. 멀웨어 탐지 시스템은 이러한 프로그램을 발견하고 차단하며, 시스템을 안전하게 보호하기 위해 자동으로 조치를 취할 수 있습니다."
Threat Hunting(위협 헌팅),Threat Hunting,위협 헌팅,"위협 헌팅은 조직의 보안 시스템에서 탐지되지 않은 잠재적인 보안 위협을 능동적으로 찾아내는 보안 전략을 의미합니다. 보통 침입이 발생한 후 대응하는 것이 아니라, 미리 보안 위협을 탐색하고 발견하여 선제적으로 대응하는 과정입니다. 이를 통해 사이버 공격의 피해를 최소화하고, 보안 상태를 지속적으로 향상시킬 수 있습니다."
Intrusion Detection System (IDS)(침입 탐지 시스템),Intrusion Detection System (IDS),침입 탐지 시스템,"침입 탐지 시스템(IDS)은 네트워크나 시스템에 비정상적인 활동이나 보안 위반을 감지하는 보안 솔루션입니다. IDS는 트래픽을 모니터링하고, 의심스러운 패턴이나 알려진 위협에 대해 경고를 발송합니다. IDS는 공격을 차단하는 기능은 없지만, 침입을 조기에 탐지해 대응할 수 있도록 도와줍니다."
Intrusion Prevention System (IPS)(침입 방지 시스템),Intrusion Prevention System (IPS),침입 방지 시스템,"침입 방지 시스템(IPS)은 IDS와 유사하게 네트워크 트래픽을 분석하지만, 탐지된 위협을 자동으로 차단하는 기능을 추가로 제공합니다. IPS는 실시간으로 보안 위협을 차단하고, 의심스러운 활동을 탐지하면 즉시 대응하여 네트워크와 시스템을 보호합니다. 이를 통해 기업은 사이버 공격에 대한 방어력을 크게 높일 수 있습니다."
Endpoint Detection and Response (EDR)(엔드포인트 탐지 및 대응),Endpoint Detection and Response (EDR),엔드포인트 탐지 및 대응,"EDR은 엔드포인트 장치(PC, 노트북, 모바일 기기 등)에서 발생하는 보안 위협을 실시간으로 모니터링하고 대응하는 보안 솔루션입니다. EDR은 의심스러운 활동을 탐지하고, 악성코드나 해킹 시도를 분석해 실시간으로 차단하는 역할을 합니다. EDR은 특히 원격 근무 환경에서 다양한 장치가 네트워크에 연결될 때 효과적으로 보안을 유지할 수 있는 도구입니다."
Security Information and Event Management (SIEM)(보안 정보 및 이벤트 관리),Security Information and Event Management (SIEM),보안 정보 및 이벤트 관리,"SIEM은 보안 이벤트를 모니터링하고 분석하는 시스템으로, 여러 보안 장치와 시스템에서 발생하는 데이터를 수집하여 실시간으로 위협을 분석하고 경고를 제공합니다. SIEM은 보안 사고 발생 시 조기 경고와 상세한 로그를 제공해, 보안 팀이 신속하게 대응할 수 있도록 돕습니다. 이 시스템은 특히 대규모 네트워크 환경에서 중앙 집중식으로 보안 상태를 모니터링하는 데 유용합니다."
Security Orchestration Automation and Response (SOAR)(보안 오케스트레이션 자동화 및 대응),Security Orchestration Automation and Response (SOAR),보안 오케스트레이션 자동화 및 대응,"SOAR는 보안 사고에 대한 자동 대응을 지원하는 시스템으로, 보안 오케스트레이션과 자동화를 통해 보안 운영을 효율적으로 관리합니다. SOAR는 보안 위협을 분석하고, 대응 조치를 자동으로 실행하여 보안 팀의 부담을 줄여줍니다. 또한 보안 이벤트 처리 시간을 단축하고, 보다 신속한 대응을 가능하게 합니다."
Security Operations Center (SOC)(보안 운영 센터),Security Operations Center (SOC),보안 운영 센터,"SOC는 조직의 보안 상태를 실시간으로 모니터링하고 위협에 대응하는 중앙 보안 관리 센터입니다. SOC는 다양한 보안 도구와 전문가 팀이 협력하여 사이버 공격에 대한 방어 전략을 세우고, 보안 사고가 발생할 경우 신속하게 대응합니다. SOC는 대규모 기업이나 중요한 정보가 포함된 시스템을 관리하는 기관에서 필수적인 역할을 합니다."
Vulnerability Management(취약점 관리),Vulnerability Management,취약점 관리,"취약점 관리는 시스템, 소프트웨어, 네트워크에 존재하는 보안 취약점을 식별하고, 이를 해결하거나 완화하는 과정을 의미합니다. 이 과정은 주기적으로 시스템을 점검하고, 취약점을 발견하면 이를 분석하고 패치하거나 보완하는 단계로 이어집니다. 취약점 관리는 조직의 보안을 강화하고 사이버 공격에 대한 방어력을 높이는 데 필수적인 요소입니다."
Threat Vector(위협 벡터),Threat Vector,위협 벡터,"위협 벡터는 사이버 공격자가 시스템, 네트워크, 또는 데이터에 접근하기 위해 사용하는 경로나 수단을 의미합니다. 이는 악성 이메일, 취약한 웹 애플리케이션, 비밀번호 도용, 내부자 공격 등 다양한 형태를 취할 수 있습니다. 위협 벡터를 이해함으로써 조직은 해당 경로를 방어하고 잠재적인 위협을 차단하는 데 도움을 받을 수 있습니다."
Insider Threat(내부자 위협),Insider Threat,내부자 위협,"내부자 위협은 조직 내부의 직원이나 관계자가 의도적 또는 실수로 보안 규정을 위반하거나, 민감한 데이터를 유출하는 위협을 의미합니다. 이는 고의적인 악의적 행동뿐만 아니라, 실수로 인한 데이터 유출이나 보안 규정 미준수도 포함됩니다. 내부자 위협을 관리하기 위해서는 적절한 권한 관리와 보안 교육이 필수적입니다."
Cybersecurity Training(사이버 보안 훈련),Cybersecurity Training,사이버 보안 훈련,"사이버 보안 훈련은 직원들이 사이버 위협에 대처할 수 있도록 교육하는 프로그램을 의미합니다. 이 훈련은 보안 정책 준수, 피싱 이메일 감지, 비밀번호 관리, 악성 소프트웨어 방지 등의 내용을 포함하며, 직원들이 보안 의식을 높이고, 실수로 인한 보안 사고를 예방하는 데 중요한 역할을 합니다."
Hackathon(해커톤),Hackathon,해커톤,"해커톤은 개발자들이 모여 일정 시간 내에 새로운 프로그램, 앱, 또는 솔루션을 개발하는 경연 대회를 의미합니다. 일반적으로 24시간에서 48시간 동안 진행되며, 창의적인 문제 해결 능력과 프로그래밍 기술을 겨루는 장이 됩니다. 해커톤은 신기술을 실험하고 혁신적인 아이디어를 발굴하는 기회로 활용됩니다."
Black Hat Hacking(블랙 해킹),Black Hat Hacking,블랙 해킹,"블랙 해킹은 불법적인 목적으로 시스템에 침투하여 데이터를 훔치거나 시스템을 파괴하는 해킹 행위를 의미합니다. 블랙 해커는 종종 금전적 이득을 목적으로 하거나, 정치적, 사회적 목적을 위해 악성 소프트웨어를 배포하거나 데이터를 인질로 삼기도 합니다. 블랙 해킹은 범죄 행위로 간주되며 법적 제재를 받을 수 있습니다."
White Hat Hacking(화이트 해킹),White Hat Hacking,화이트 해킹,"화이트 해킹은 시스템의 보안을 테스트하기 위해 합법적으로 해킹 기술을 사용하는 행위를 의미합니다. 화이트 해커는 취약점을 찾아내고 이를 개선하기 위해 보안 전문가로 활동하며, 보통 조직이나 정부에 의해 고용됩니다. 이들은 블랙 해커와 달리 보안을 강화하는 역할을 하며, 시스템 보호를 위한 중요한 자원으로 활용됩니다."
Red Team(레드팀),Red Team,레드팀,"레드팀은 조직의 보안 시스템에 대한 공격 시나리오를 실제로 모의 실행하는 팀을 의미합니다. 레드팀의 목표는 조직 내 보안 취약점을 찾고, 시스템 방어 전략을 시험하는 것입니다. 이들은 실제 해커처럼 행동하여 다양한 사이버 공격을 시도하며, 보안 체계의 강점과 약점을 파악합니다."
Blue Team(블루팀),Blue Team,블루팀,"블루팀은 레드팀의 공격에 대응하여 시스템 방어를 강화하는 역할을 수행하는 팀입니다. 이들은 레드팀의 공격을 방어하고, 침입을 탐지하며, 시스템을 보호하기 위해 보안 전략을 실행합니다. 블루팀은 조직의 보안을 유지하기 위해 방어적 접근 방식을 취하며, 공격 시도를 실시간으로 모니터링하고 대응합니다."
Purple Team(퍼플팀),Purple Team,퍼플팀,"퍼플팀은 레드팀과 블루팀의 협력을 강화하기 위해 만들어진 팀으로, 두 팀의 역할을 통합하여 공격과 방어 전략을 함께 계획하고 실행합니다. 퍼플팀은 레드팀의 공격과 블루팀의 방어 전략 간의 상호작용을 최적화하고, 전체적인 보안 성능을 향상시키는 데 중점을 둡니다."
Bug Bounty(버그 바운티),Bug Bounty,버그 바운티,"버그 바운티는 소프트웨어나 시스템에서 발견된 버그나 취약점을 보고하는 해커나 개발자에게 보상을 제공하는 프로그램을 의미합니다. 기업이나 조직은 이를 통해 자발적으로 보안 취약점을 발견하고 수정할 수 있으며, 이를 통해 보안 사고를 사전에 방지할 수 있습니다."
E-commerce Security(전자상거래 보안),E-commerce Security,전자상거래 보안,"전자상거래 보안은 온라인 쇼핑 및 거래 플랫폼에서 개인정보, 결제 정보, 거래 데이터를 보호하기 위한 모든 보안 조치를 의미합니다. 이는 암호화, 인증, 결제 게이트웨이 보안 등의 기술을 활용해 소비자와 판매자 모두의 데이터를 보호하며, 안전한 거래 환경을 제공합니다."
Mobility Services(모빌리티 서비스),Mobility Services,모빌리티 서비스,"모빌리티 서비스는 차량 공유, 자율 주행, 전동 스쿠터 등의 이동 수단을 포함한 스마트 모빌리티 시스템을 의미합니다. 이러한 서비스는 도시 내 효율적인 이동을 가능하게 하며, 사용자 편의성을 높이고, 교통 혼잡을 줄이기 위한 솔루션을 제공합니다. 모빌리티 서비스는 점점 더 다양한 기술과 융합하여 발전하고 있습니다."
Smart Factory(스마트 팩토리),Smart Factory,스마트 팩토리,"스마트 팩토리는 자동화된 시스템과 인공지능, 사물인터넷(IoT), 빅데이터 분석 기술을 사용하여 공정과 생산을 최적화하는 공장을 의미합니다. 스마트 팩토리는 실시간으로 데이터를 수집하고, 이를 통해 공정의 효율성을 극대화하며, 생산 비용을 절감하는 것이 특징입니다."
Smart Home(스마트 홈),Smart Home,스마트 홈,"스마트 홈은 가전제품, 조명, 난방 시스템 등을 인터넷에 연결하여 원격으로 제어하거나 자동화할 수 있는 주거 환경을 의미합니다. 스마트 홈 기술은 사용자의 편리함을 높이고, 에너지 절약 및 보안 기능을 강화할 수 있는 장점이 있습니다."
Smart Agriculture(스마트 농업),Smart Agriculture,스마트 농업,"스마트 농업은 센서, 드론, 인공지능 등을 활용하여 농업 생산성을 높이는 기술을 의미합니다. 이 기술은 작물 상태를 실시간으로 모니터링하고, 자동화된 농기계를 통해 농작물의 성장 조건을 최적화할 수 있습니다. 스마트 농업은 자원 절약과 생산성 향상을 동시에 추구하며, 농업 분야의 혁신을 이끌고 있습니다."
Intelligent Transportation Systems(지능형 교통 시스템),Intelligent Transportation Systems,지능형 교통 시스템,"지능형 교통 시스템(ITS)은 차량, 도로, 교통 신호 등을 디지털 기술과 연계하여 교통 흐름을 최적화하고, 안전성을 향상시키는 교통 관리 시스템을 의미합니다. 센서, 카메라, 위성 등을 활용하여 실시간 데이터를 수집하고 분석함으로써 교통 혼잡을 줄이고, 사고를 예방하며, 보다 효율적인 교통 운영을 가능하게 합니다. 또한, 자율주행차 및 스마트 시티와도 밀접하게 연결되어 있으며, 지속 가능한 도시 교통 시스템 구축에 중요한 역할을 합니다."
Autonomous Energy Management System(자율 에너지 관리 시스템),Autonomous Energy Management System,자율 에너지 관리 시스템,"자율 에너지 관리 시스템은 인공지능(AI)과 사물인터넷(IoT) 기술을 활용하여 에너지 자원을 효율적으로 관리하고 최적화하는 시스템을 의미합니다. 이 시스템은 실시간으로 에너지 사용 패턴을 분석하고, 자동으로 에너지 공급과 수요를 조정하여 비용을 절감하고 환경 영향을 최소화합니다. 특히, 스마트 그리드, 재생 가능 에너지, 배터리 저장 기술과 결합하여 효율적이고 지속 가능한 에너지 사용을 가능하게 합니다."
Predictive Maintenance(예측 유지보수),Predictive Maintenance,예측 유지보수,"예측 유지보수는 기계나 시스템의 데이터를 분석하여 고장이 발생하기 전에 문제를 예측하고 예방하는 유지보수 방법입니다. 센서와 인공지능(AI)을 통해 실시간으로 장비의 상태를 모니터링하며, 고장 가능성이 높은 부분을 사전에 발견하여 수리하거나 교체하는 방식으로 운영됩니다. 이를 통해 장비의 가동 시간을 최대화하고, 불필요한 유지보수 비용을 절감할 수 있습니다."
Digital Transformation(디지털 트랜스포메이션),Digital Transformation,디지털 트랜스포메이션,"디지털 트랜스포메이션은 기업이나 조직이 디지털 기술을 활용하여 기존의 비즈니스 프로세스를 혁신하고, 새로운 가치를 창출하는 것을 의미합니다. 클라우드 컴퓨팅, 인공지능(AI), 사물인터넷(IoT) 등의 기술을 통해 업무 자동화, 데이터 분석, 고객 경험 개선 등을 이루며, 조직의 효율성을 높이고 경쟁력을 강화합니다. 디지털 트랜스포메이션은 기업의 운영 방식뿐만 아니라, 고객과의 상호작용 방식에도 변화를 가져오는 중요한 변화입니다."
Robotics(로봇 공학),Robotics,로봇 공학,"로봇 공학은 로봇을 설계, 제작, 운영하는 학문과 기술을 의미하며, 로봇은 인간의 작업을 자동으로 수행할 수 있는 기계 장치입니다. 로봇은 제조업에서의 조립 작업, 의료 분야에서의 수술 보조, 군사 분야에서의 정찰 및 탐사 등의 다양한 산업에 활용되고 있습니다. 최근에는 인공지능(AI)과 결합하여 자율적으로 판단하고 행동할 수 있는 로봇의 개발이 활발히 이루어지고 있습니다."
Collaborative Robots (Cobots)(협동 로봇),Collaborative Robots (Cobots),협동 로봇,"협동 로봇(코봇)은 인간과 안전하게 협력하여 작업을 수행할 수 있도록 설계된 로봇을 의미합니다. 기존의 산업용 로봇과 달리, 코봇은 인간과 같은 공간에서 작업할 수 있으며, 위험하지 않은 작업 환경을 제공하여 안전성과 효율성을 모두 갖추고 있습니다. 이러한 코봇은 제조업뿐만 아니라 의료, 물류, 교육 등 다양한 분야에서 활용되며, 인간과 로봇의 상호작용을 극대화하는 데 기여합니다."
Industrial Internet of Things (IIoT)(산업용 사물인터넷),Industrial Internet of Things (IIoT),산업용 사물인터넷,"산업용 사물인터넷(IIoT)은 제조업, 에너지, 물류 등의 산업 환경에서 다양한 장비와 기계가 인터넷에 연결되어 데이터를 실시간으로 수집하고 분석하는 시스템을 의미합니다. 이를 통해 장비의 상태를 모니터링하고, 생산 과정을 최적화하며, 효율성을 높일 수 있습니다. IIoT는 스마트 팩토리, 예측 유지보수, 에너지 관리 등에서 중요한 역할을 하며, 산업 혁신의 핵심 기술 중 하나로 자리 잡고 있습니다."
Operational Technology (OT)(운영기술),Operational Technology (OT),운영기술,"운영기술(OT)은 공장, 에너지 시설, 교통 시스템 등의 물리적 장비와 인프라를 관리하고 제어하는 기술을 의미합니다. 이는 제조업, 에너지, 교통 등의 산업에서 프로세스를 자동화하고 최적화하는 데 사용되며, IT(정보기술)와 결합하여 스마트 팩토리와 같은 혁신적인 산업 환경을 구축하는 데 기여합니다. OT는 특히 물리적 장비와 데이터를 실시간으로 제어하는 역할을 합니다."
Information Technology (IT)(정보기술),Information Technology (IT),정보기술,"정보기술(IT)은 컴퓨터 시스템, 네트워크, 소프트웨어 등을 사용하여 데이터를 관리, 저장, 전송하는 기술을 의미합니다. IT는 기업의 경영, 생산, 마케팅, 고객 서비스 등 다양한 영역에서 중요한 역할을 하며, 효율적인 정보 처리와 커뮤니케이션을 가능하게 합니다. IT는 모든 산업에서 필수적인 요소로 자리 잡았으며, 데이터 경제와 디지털 트랜스포메이션의 기반을 제공합니다."
IT/OT Convergence(IT/OT 융합),IT/OT Convergence,IT/OT 융합,"IT/OT 융합은 정보기술(IT)과 운영기술(OT)이 결합하여 산업 환경에서 더 높은 수준의 자동화와 데이터 분석을 가능하게 하는 것을 의미합니다. 이를 통해 제조 공정의 실시간 모니터링, 예측 유지보수, 에너지 관리 등의 분야에서 데이터 기반의 의사결정을 지원하고, 생산성을 극대화할 수 있습니다. IT/OT 융합은 스마트 팩토리와 같은 혁신적인 산업 환경 구축에 중요한 요소입니다."
API Economy(API 경제),API Economy,API 경제,"API 경제는 애플리케이션 프로그래밍 인터페이스(API)를 통해 다양한 소프트웨어와 서비스가 상호작용하고, 이를 통해 새로운 비즈니스 가치를 창출하는 경제적 패러다임을 의미합니다. 기업들은 API를 통해 자사의 데이터를 외부 개발자나 기업들과 공유하고, 이를 기반으로 혁신적인 서비스나 애플리케이션을 개발할 수 있습니다. API 경제는 소프트웨어의 확장성과 협업을 증대시키며, 디지털 경제의 핵심 요소로 자리 잡고 있습니다."
AI Business(AI 비즈니스),AI Business,AI 비즈니스,"AI 비즈니스는 인공지능(AI) 기술을 활용하여 다양한 산업 분야에서 비즈니스 가치를 창출하는 것을 의미합니다. 기업은 AI를 통해 고객 데이터를 분석하고, 예측 모델을 활용하여 더 나은 의사결정을 내리며, 업무 자동화를 통해 효율성을 극대화할 수 있습니다. AI 비즈니스는 마케팅, 제조, 금융, 헬스케어 등 다양한 분야에서 적용되며, 비즈니스 혁신의 핵심 동력으로 작용하고 있습니다."
Data Economy(데이터 경제),Data Economy,데이터 경제,"데이터 경제는 데이터를 중요한 경제 자원으로 활용하여 새로운 비즈니스 모델을 창출하고, 효율성을 극대화하는 경제 구조를 의미합니다. 기업들은 고객 데이터, 시장 데이터, 운영 데이터를 분석하고 이를 기반으로 새로운 상품이나 서비스를 개발하거나 기존 비즈니스 모델을 개선할 수 있습니다. 데이터 경제는 AI, 빅데이터, 클라우드 컴퓨팅 등의 기술과 결합하여 빠르게 발전하고 있습니다."
Sharing Economy(공유 경제),Sharing Economy,공유 경제,"공유 경제는 개인이나 기업이 소유한 자원을 다른 사람들과 공유함으로써 경제적 가치를 창출하는 경제 모델을 의미합니다. 예를 들어, 차량 공유 서비스나 숙박 공유 서비스가 대표적인 사례입니다. 공유 경제는 자원의 효율적인 사용을 촉진하고, 사용자가 필요에 따라 자원을 빌리거나 나눌 수 있는 플랫폼을 제공합니다. 이는 특히 디지털 플랫폼을 통해 이루어지며, 지속 가능한 경제 구조를 지원합니다."
Knowledge Graph(지식 그래프),Knowledge Graph,지식 그래프,"지식 그래프는 다양한 데이터 간의 관계를 그래프 구조로 표현하여, 데이터 간의 연관성과 의미를 시각적으로 이해하고 분석할 수 있게 해주는 데이터 모델입니다. 지식 그래프는 검색 엔진, 인공지능(AI) 애플리케이션, 자연어 처리(NLP)에서 광범위하게 활용되며, 데이터를 더 직관적이고 효율적으로 탐색할 수 있도록 도와줍니다."
Customer Experience Management(고객 경험 관리),Customer Experience Management,고객 경험 관리,"고객 경험 관리(Customer Experience Management)는 고객이 기업과 상호작용하는 모든 접점에서 긍정적이고 일관된 경험을 제공하는 것을 목표로 하는 전략입니다. 이는 제품 또는 서비스를 구매하는 과정뿐만 아니라, 마케팅, 고객 서비스, 사후 지원 등 전반적인 고객과의 관계에서 발생하는 경험을 체계적으로 관리하는 것을 포함합니다. 고객 데이터를 분석하여 개인화된 경험을 제공함으로써, 고객 충성도를 높이고, 기업의 성장을 촉진하는 데 중요한 역할을 합니다."
Marketing Automation(마케팅 자동화),Marketing Automation,마케팅 자동화,"마케팅 자동화는 마케팅 활동을 자동으로 수행하는 기술과 도구를 의미합니다. 이메일 마케팅, 소셜 미디어 게시, 광고 캠페인 등을 자동화하여 시간과 비용을 절감하고, 더 효과적으로 고객에게 도달할 수 있습니다. 특히 고객 행동 데이터를 분석하여 맞춤형 메시지를 자동으로 발송하는 기능이 강점이며, 이를 통해 고객과의 상호작용을 최적화하고, 마케팅 캠페인의 효율성을 높일 수 있습니다."
AdTech(애드테크),AdTech,애드테크,"애드테크(AdTech)는 광고 기술을 의미하며, 디지털 광고를 계획, 실행, 분석하는 데 사용되는 모든 기술을 포괄합니다. 애드테크 플랫폼은 광고주가 타겟 고객을 더 정확하게 겨냥하고, 광고 성과를 실시간으로 측정할 수 있게 해줍니다. 예를 들어, 프로그래매틱 광고, 데이터 기반 타겟팅, 실시간 입찰(RTB) 기술 등이 포함됩니다. 애드테크는 마케팅의 효율성을 극대화하고, 더 나은 광고 ROI(투자 대비 수익)를 제공합니다."
Phygital Marketing(피지털 마케팅),Phygital Marketing,피지털 마케팅,"피지털 마케팅은 물리적(Physical) 경험과 디지털(Digital) 경험을 결합한 마케팅 전략을 의미합니다. 예를 들어, 매장에서 고객이 스마트폰을 이용해 상품 정보를 확인하거나 할인 쿠폰을 받을 수 있는 방식이 피지털 마케팅의 한 예입니다. 이 전략은 고객에게 더 풍부하고 몰입감 있는 경험을 제공하며, 물리적 매장과 온라인 쇼핑의 장점을 결합해 브랜드와의 상호작용을 강화하는 데 중점을 둡니다."
Data Personalization(데이터 개인화),Data Personalization,데이터 개인화,"데이터 개인화는 사용자의 행동 패턴과 선호도를 분석하여 맞춤형 경험을 제공하는 것을 의미합니다. 기업은 고객 데이터를 수집하여 각 개인에게 적합한 콘텐츠, 제품, 서비스를 추천하거나 제안합니다. 이를 통해 고객 만족도를 높이고, 더 나은 비즈니스 성과를 창출할 수 있습니다. 예를 들어, 온라인 쇼핑몰에서 사용자의 검색 이력에 기반한 맞춤형 상품 추천이 데이터 개인화의 한 예입니다."
Augmented Analytics(증강 분석),Augmented Analytics,증강 분석,"증강 분석은 인공지능(AI)과 머신러닝(ML)을 활용하여 데이터를 분석하고, 그 결과를 자동으로 도출하는 분석 방법입니다. 기존의 데이터 분석 도구는 사용자가 데이터를 해석하는 데 많은 시간과 노력이 필요했지만, 증강 분석은 AI가 데이터를 해석하고, 통찰력을 제공해 분석 작업을 보다 신속하고 효율적으로 수행할 수 있습니다. 이를 통해 데이터 기반 의사결정을 지원하고, 비즈니스의 경쟁력을 강화할 수 있습니다."
Digital Finance(디지털 금융),Digital Finance,디지털 금융,"디지털 금융은 금융 서비스가 디지털 기술을 통해 제공되는 방식을 의미합니다. 인터넷 뱅킹, 모바일 결제, 온라인 대출, 암호화폐 거래 등이 디지털 금융의 예시입니다. 디지털 금융은 전통적인 금융 서비스를 혁신적으로 변화시키며, 사용자는 더 간편하고 빠르게 금융 서비스를 이용할 수 있습니다. 또한, 핀테크(FinTech)와 결합하여 금융 접근성을 확대하고, 금융 시장의 효율성을 높입니다."
FinTech(핀테크),FinTech,핀테크,"핀테크(FinTech)는 '금융(Finance)'과 '기술(Technology)'의 합성어로, 기술을 이용하여 금융 서비스를 혁신하는 것을 의미합니다. 모바일 결제, 온라인 대출, 로보어드바이저, 암호화폐 거래 등이 핀테크의 대표적인 예시입니다. 핀테크는 금융 서비스의 편리성과 접근성을 높이고, 기존 금융 기관과의 경쟁을 통해 금융 생태계를 변화시키고 있습니다."
InsurTech(인슈어테크),InsurTech,인슈어테크,"인슈어테크(InsurTech)는 '보험(Insurance)'과 '기술(Technology)'의 합성어로, 기술을 활용하여 보험 산업을 혁신하는 것을 의미합니다. 예를 들어, 인공지능을 이용한 맞춤형 보험 상품 추천, 블록체인을 통한 보험 청구 자동화 등이 인슈어테크의 대표적인 사례입니다. 이를 통해 보험 상품의 투명성을 높이고, 고객 경험을 개선하며, 보험 운영 비용을 절감할 수 있습니다."
AI Finance(AI 금융),AI Finance,AI 금융,"AI 금융은 인공지능(AI)을 활용하여 금융 데이터를 분석하고, 더 나은 금융 의사결정을 지원하는 것을 의미합니다. 예를 들어, AI는 대규모 데이터를 실시간으로 분석하여 금융 시장의 변화에 빠르게 대응하거나, 고객의 신용도를 평가해 대출 여부를 판단할 수 있습니다. AI 금융은 금융 서비스의 정확성과 효율성을 크게 향상시키며, 금융 시장에서 점점 더 중요한 역할을 하고 있습니다."
Automated Investing(자동화 투자),Automated Investing,자동화 투자,"자동화 투자는 컴퓨터 알고리즘을 통해 투자를 자동으로 실행하는 투자 방식을 의미합니다. 투자자는 자신의 투자 목표와 리스크 성향을 입력하면, 알고리즘이 시장 데이터를 분석하여 최적의 투자 포트폴리오를 자동으로 구성하고, 관리해줍니다. 이를 통해 투자자는 시간과 노력을 절약할 수 있으며, 보다 전문적이고 일관된 투자 전략을 실현할 수 있습니다."
Robo-Advisor(로보어드바이저),Robo-Advisor,로보어드바이저,"로보어드바이저는 인공지능(AI)을 활용하여 개인의 투자 목표와 리스크 성향에 맞춘 맞춤형 투자 조언을 제공하는 자동화된 투자 플랫폼입니다. 로보어드바이저는 데이터를 분석하여 최적의 포트폴리오를 제안하고, 주식, 채권, ETF 등의 자산을 자동으로 관리합니다. 이를 통해 투자자는 저렴한 비용으로 전문가 수준의 투자 관리를 받을 수 있습니다."
Blockchain Finance(블록체인 금융),Blockchain Finance,블록체인 금융,"블록체인 금융은 블록체인 기술을 활용하여 금융 거래의 투명성과 보안을 강화한 금융 서비스입니다. 블록체인은 거래 내역을 분산된 네트워크에 기록하여, 중앙 기관의 개입 없이도 안전한 거래를 가능하게 합니다. 이를 통해 금융 거래의 속도와 효율성을 높이고, 거래 비용을 절감할 수 있습니다. 블록체인 금융은 암호화폐, 스마트 계약, 탈중앙화 금융(DeFi)과 같은 다양한 분야에서 응용되고 있습니다."
Decentralized Finance (DeFi)(탈중앙화 금융),Decentralized Finance (DeFi),탈중앙화 금융,"탈중앙화 금융(DeFi)은 중앙 기관 없이 블록체인 기술을 통해 금융 서비스를 제공하는 방식을 의미합니다. 전통적인 금융 시스템과 달리, DeFi는 스마트 계약을 통해 사용자 간 직접적인 거래를 가능하게 하며, 암호화폐, 대출, 보험, 투자 등 다양한 금융 서비스가 포함됩니다. DeFi는 금융 서비스의 접근성을 높이고, 사용자 간의 신뢰를 블록체인 기술을 통해 보장합니다."
Central Bank Digital Currency (CBDC)(중앙 은행 디지털 통화),Central Bank Digital Currency (CBDC),중앙 은행 디지털 통화,"중앙 은행 디지털 통화(CBDC)는 중앙 은행이 발행하는 디지털 형태의 법정 통화로, 기존의 종이 화폐를 대체하거나 보완하는 역할을 합니다. CBDC는 블록체인 기술을 활용하여 발행되며, 더 안전하고 효율적인 결제 시스템을 제공할 수 있습니다. 이를 통해 금융 시스템의 투명성과 신뢰성을 강화하고, 디지털 경제의 발전을 촉진할 수 있습니다."
Cryptocurrency(암호화폐),Cryptocurrency,암호화폐,"암호화폐(Cryptocurrency)는 암호화 기술을 이용해 안전하게 거래되고, 분산된 네트워크에서 운영되는 디지털 자산을 의미합니다. 대표적인 암호화폐로는 비트코인과 이더리움이 있으며, 중앙 은행이나 정부의 통제를 받지 않고, 블록체인 기술을 통해 안전한 거래를 보장합니다. 암호화폐는 투명한 거래 기록과 빠른 송금 속도로 인해, 글로벌 금융 시장에서 점점 더 중요한 역할을 하고 있습니다."
Smart Banking(스마트 은행),Smart Banking,스마트 은행,"스마트 은행(Smart Banking)은 디지털 기술을 활용하여 고객에게 더 효율적이고 편리한 금융 서비스를 제공하는 은행 운영 방식을 의미합니다. 스마트폰 앱, 온라인 뱅킹, AI 기반 상담원 등을 통해 고객은 언제 어디서나 금융 거래를 처리할 수 있습니다. 이를 통해 고객 만족도를 높이고, 은행의 운영 효율성을 극대화할 수 있습니다."
Digital Assets(디지털 자산),Digital Assets,디지털 자산,"디지털 자산(Digital Assets)은 온라인 상에서 전자적으로 저장되고 거래되는 자산을 의미합니다. 여기에는 암호화폐, 디지털 예술품(NFT), 디지털 증명서 등이 포함됩니다. 디지털 자산은 물리적인 자산과 달리 분산 원장 기술이나 블록체인 기술을 통해 투명하게 거래되며, 전통적인 자산 거래 방식에 비해 더 빠르고 안전한 거래를 가능하게 합니다."
Financial Cybersecurity(금융 사이버 보안),Financial Cybersecurity,금융 사이버 보안,"금융 사이버 보안(Financial Cybersecurity)은 금융 시스템 및 관련 데이터를 사이버 공격으로부터 보호하기 위한 보안 기술과 방침을 의미합니다. 이를 통해 금융 기관은 해킹, 데이터 유출, 랜섬웨어 등의 위협으로부터 고객의 자산과 개인정보를 안전하게 보호할 수 있습니다. 강력한 암호화, 다중 인증, 침입 탐지 시스템 등이 금융 사이버 보안에 포함됩니다."
Payment Gateway(결제 게이트웨이),Payment Gateway,결제 게이트웨이,"결제 게이트웨이(Payment Gateway)는 온라인 거래에서 결제 과정이 안전하고 원활하게 이루어지도록 중개하는 서비스입니다. 결제 게이트웨이는 고객의 카드 정보와 같은 민감한 데이터를 보호하면서 거래를 처리하며, 이를 통해 온라인 상점과 구매자 간의 신뢰를 보장합니다. 결제 게이트웨이는 다양한 결제 방법을 지원하며, 신속하고 안전한 결제를 가능하게 합니다."
Regulatory Technology (RegTech)(금융 규제 기술),Regulatory Technology (RegTech),금융 규제 기술,"금융 규제 기술(RegTech)은 금융 규제를 준수하는 과정을 자동화하고 효율화하는 기술을 의미합니다. 금융 기관은 AI와 데이터 분석을 활용하여 규정 준수 절차를 최적화할 수 있으며, 이를 통해 규제 위반 위험을 줄이고 비용을 절감할 수 있습니다. RegTech는 금융 보안, 개인정보 보호, 자금 세탁 방지(AML)와 같은 중요한 금융 규제를 보다 쉽게 준수하도록 지원합니다."
Influencer Economy(인플루언서 경제),Influencer Economy,인플루언서 경제,"인플루언서 경제(Influencer Economy)는 소셜 미디어에서 영향력이 큰 인플루언서들이 자신의 영향력을 통해 상품과 서비스를 홍보하고, 이를 통해 경제적 가치를 창출하는 경제 모델을 의미합니다. 인플루언서들은 주로 유튜브, 인스타그램, 틱톡과 같은 플랫폼을 통해 활동하며, 그들의 팔로워와의 신뢰를 기반으로 기업과의 협력 관계를 맺고 수익을 창출합니다."
Non-Fungible Token(NFT),Non-Fungible Token(NFT),NFT,"NFT(Non-Fungible Token)는 대체 불가능한 디지털 자산을 나타내는 블록체인 기반의 토큰입니다. 각각의 NFT는 고유한 자산을 대표하며, 디지털 예술품, 음악, 비디오, 가상 자산 등과 같은 다양한 콘텐츠에 적용될 수 있습니다. NFT는 블록체인 기술을 활용하여 소유권을 명확히 증명할 수 있으며, 이를 통해 디지털 자산의 희소성과 가치를 보장합니다."
Digital Copyright(디지털 저작권),Digital Copyright,디지털 저작권,"디지털 저작권은 디지털 콘텐츠와 창작물을 보호하는 법적 권리로, 텍스트, 음악, 영상, 이미지 등과 같은 디지털 형식의 콘텐츠에 대한 저작자의 권리를 규정합니다. 디지털 환경에서의 저작권은 기존 아날로그 저작권과 유사하지만, 파일 공유와 같은 디지털 복제의 용이성으로 인해 더 복잡한 문제들을 다룹니다. 저작권 침해를 막고 저작물을 올바르게 사용할 수 있도록 저작권 라이선스나 디지털 권리 관리(DRM) 같은 기술이 사용됩니다."
Metaverse(메타버스),Metaverse,메타버스,"메타버스는 현실 세계와 디지털 세계가 융합된 가상 공간을 의미합니다. 사용자는 이 공간에서 자신의 아바타를 통해 상호작용할 수 있으며, 게임, 쇼핑, 업무, 교육 등 다양한 활동을 할 수 있습니다. 메타버스는 가상 현실(VR)과 증강 현실(AR) 기술을 통해 더욱 몰입감 있는 경험을 제공하며, 가상 자산과 블록체인 기술을 결합해 경제적 활동도 가능합니다."
Virtual World(가상 세계),Virtual World,가상 세계,"가상 세계는 컴퓨터 기반의 시뮬레이션 환경으로, 사용자가 아바타를 통해 상호작용할 수 있는 공간입니다. 이 세계는 게임, 교육, 소셜 네트워킹 등 다양한 목적으로 사용되며, 현실과는 다른 물리적 법칙이 적용될 수 있습니다. 가상 세계는 현실과 유사하게 동작하는 동시에, 사용자가 직접 만들어낸 독특한 환경을 경험할 수 있게 합니다."
Digital Avatar(디지털 아바타),Digital Avatar,디지털 아바타,"디지털 아바타는 온라인이나 가상 공간에서 사용자를 대표하는 디지털 캐릭터나 이미지입니다. 사용자는 자신의 아바타를 통해 메타버스나 가상 세계에서 활동하며, 아바타는 사용자의 개성이나 특성을 반영할 수 있습니다. 이러한 아바타는 소셜 미디어, 게임, 가상 회의 등에서 주로 사용됩니다."
Game Tech(게임 테크),Game Tech,게임 테크,"게임 테크는 게임 개발 및 실행에 사용되는 기술을 의미합니다. 여기에는 그래픽 엔진, 물리 엔진, 인공지능, 네트워크 기술 등이 포함됩니다. 게임 테크는 고성능 그래픽, 몰입감 있는 인터랙션, 빠른 네트워킹을 통해 현대 게임 산업을 이끄는 중요한 요소입니다. 특히, 가상 현실과 증강 현실을 활용한 게임이 점점 더 보편화되고 있습니다."
Cloud Gaming(클라우드 게임),Cloud Gaming,클라우드 게임,"클라우드 게임은 사용자가 게임을 로컬 기기에 다운로드하지 않고, 클라우드 서버에서 게임을 스트리밍하여 플레이할 수 있는 방식입니다. 이 방식은 고성능 하드웨어 없이도 고사양 게임을 즐길 수 있게 하며, 인터넷만 있으면 어디서나 다양한 기기에서 게임을 플레이할 수 있다는 장점이 있습니다."
eSports(e스포츠),eSports,e스포츠,"e스포츠는 비디오 게임을 기반으로 한 경쟁적인 스포츠를 의미합니다. 선수들은 전문적으로 게임을 플레이하며, 대규모 대회나 리그를 통해 경쟁합니다. e스포츠는 전 세계적으로 인기를 끌고 있으며, 수많은 팬과 함께 글로벌 엔터테인먼트 산업의 중요한 부분으로 자리잡고 있습니다."
Smart Work(스마트 워크),Smart Work,스마트 워크,"스마트 워크는 최신 정보통신기술을 활용하여 시간과 장소에 구애받지 않고 효율적으로 일할 수 있는 업무 방식을 의미합니다. 원격 근무, 디지털 협업 도구, 자동화된 업무 프로세스 등이 스마트 워크의 주요 요소이며, 특히 코로나19 팬데믹 이후 빠르게 확산되었습니다."
Hybrid Work Environment(하이브리드 업무 환경),Hybrid Work Environment,하이브리드 업무 환경,"하이브리드 업무 환경은 직원들이 사무실과 원격 근무를 병행하는 근무 방식을 말합니다. 이는 유연한 근무 조건을 제공하여 직원의 생산성과 만족도를 높이는 데 도움을 줍니다. 하이브리드 환경에서는 화상회의, 클라우드 기반 협업 도구 등이 필수적입니다."
Digital Collaboration Tools(디지털 협업 도구),Digital Collaboration Tools,디지털 협업 도구,"디지털 협업 도구는 팀이나 개인이 온라인에서 협력하여 작업을 수행할 수 있도록 지원하는 소프트웨어입니다. 대표적인 예로는 슬랙, 트렐로, 구글 드라이브 등이 있으며, 이러한 도구는 실시간 커뮤니케이션, 문서 공유, 프로젝트 관리 등을 가능하게 하여 효율적인 팀워크를 지원합니다."
Productivity Software(생산성 소프트웨어),Productivity Software,생산성 소프트웨어,"생산성 소프트웨어는 작업 효율성을 높이기 위한 다양한 기능을 제공하는 소프트웨어를 의미합니다. 대표적으로 문서 작성, 스프레드시트, 프레젠테이션 소프트웨어 등이 있으며, 업무 자동화, 일정 관리, 협업 도구 등이 포함됩니다. 이러한 소프트웨어는 개인 및 기업이 작업 시간을 절약하고 효율적으로 일할 수 있도록 도와줍니다."
Video Conferencing Technology(화상회의 기술),Video Conferencing Technology,화상회의 기술,"화상회의 기술은 인터넷을 통해 음성 및 영상 통화를 하여 원격으로 회의를 할 수 있도록 해주는 기술입니다. 이러한 기술은 원격 근무 환경에서 필수적이며, 줌, MS 팀즈, 구글 미트 등의 서비스가 대표적입니다. 고품질 영상과 음성 통신, 화면 공유, 녹화 기능 등을 제공하여 효과적인 원격 협업을 지원합니다."
Web 3.0(웹 3.0),Web 3.0,웹 3.0,"웹 3.0은 차세대 웹 기술을 지칭하는 용어로, 탈중앙화, 인공지능, 블록체인 등을 기반으로 한 웹 환경을 의미합니다. 웹 3.0에서는 사용자 데이터와 콘텐츠에 대한 통제권이 중앙화된 기관이 아닌 사용자에게 있으며, 보다 스마트하고 개인화된 인터넷 환경을 제공합니다."
Decentralized Applications (DApps)(분산형 애플리케이션),Decentralized Applications (DApps),분산형 애플리케이션,"분산형 애플리케이션(DApps)은 블록체인 기반에서 운영되는 애플리케이션으로, 중앙 서버 없이 분산 네트워크에서 구동됩니다. 이로 인해 데이터는 네트워크의 모든 노드에 분산되어 저장되고, 투명성과 보안성이 높습니다. 예를 들어, 이더리움 블록체인을 사용하는 DApps는 스마트 계약을 통해 거래를 자동으로 처리하며, 외부 중개자 없이도 다양한 서비스를 제공합니다."
Decentralized Autonomous Organization (DAO)(탈중앙화 조직),Decentralized Autonomous Organization (DAO),탈중앙화 조직,"탈중앙화 조직(DAO)은 중앙 권력 없이 블록체인 기술을 이용해 자율적으로 운영되는 조직입니다. 의사결정은 스마트 계약과 네트워크 참여자들의 투표로 이루어지며, 모든 행동과 결정이 블록체인에 기록되어 투명성을 보장합니다. 이는 기존의 회사 구조와 달리, 상위 관리자 없이 자율적으로 운영될 수 있습니다."
Digital Identity(디지털 아이덴티티),Digital Identity,디지털 아이덴티티,"디지털 아이덴티티는 온라인에서 개인 또는 조직을 인증하는 전자적 신원입니다. 디지털 서명, 생체 인식, 암호화된 키 등의 기술을 활용해 보안을 강화하며, 인터넷에서의 활동에 있어 신원을 증명하는 데 사용됩니다. 이는 개인 정보 보호와 함께 온라인 서비스에서의 신뢰성을 높이는 데 중요한 역할을 합니다."
Self-Sovereign Identity(자율 ID 관리),Self-Sovereign Identity,자율 ID 관리,"자율 ID 관리(Self-Sovereign Identity)는 사용자가 자신의 디지털 신원을 완전히 통제할 수 있는 개념입니다. 제3자 없이도 개인이 자신의 데이터를 소유하고 관리하며, 필요할 때만 선택적으로 데이터를 공유할 수 있습니다. 이는 중앙 기관이나 기업에 의존하지 않고 디지털 신원을 관리할 수 있는 방식입니다."
Identity Verification Technology(신원 인증 기술),Identity Verification Technology,신원 인증 기술,"신원 인증 기술은 사용자의 신원을 정확하게 확인하기 위해 다양한 기술을 사용하는 시스템입니다. 예를 들어, 생체 인식(얼굴, 지문, 홍채 등), 디지털 서명, 다중 인증(MFA) 등의 기술을 포함하며, 이는 금융, 의료, 정부 기관 등에서 보안과 신뢰성을 강화하기 위해 사용됩니다."
Digital Wallet(디지털 지갑),Digital Wallet,디지털 지갑,"디지털 지갑은 암호화폐나 디지털 자산을 안전하게 저장하고 거래할 수 있는 전자 지갑입니다. 사용자는 비트코인, 이더리움 같은 암호화폐를 송금하거나 수신할 수 있으며, 스마트 계약과 같은 기능도 지원합니다. 또한, 결제 정보를 안전하게 관리하는 데 사용됩니다."
Secure Multi-Party Computation (SMPC)(안전한 다자 연산),Secure Multi-Party Computation (SMPC),안전한 다자 연산,"안전한 다자 연산(SMPC)은 여러 당사자가 데이터를 공유하지 않고도 공동으로 연산을 수행할 수 있는 기술입니다. 각 당사자는 자신의 데이터를 비밀로 유지하면서 계산 결과만 공유할 수 있으며, 이는 프라이버시 보호가 중요한 분야에서 매우 유용합니다. 예를 들어, 의료 정보나 금융 데이터 분석에서 사용됩니다."
Biometric Recognition(생체 인식),Biometric Recognition,생체 인식,"생체 인식은 얼굴, 지문, 홍채, 목소리 등 개인의 신체적 특징을 이용해 신원을 확인하는 기술입니다. 보안성이 높아 패스워드 대신 사용되기도 하며, 스마트폰, 출입 시스템, 공항 보안 등에서 널리 활용됩니다. 생체 인식 기술은 고유한 개인 특성을 기반으로 하여 오용 가능성이 낮습니다."
Facial Recognition(얼굴 인식),Facial Recognition,얼굴 인식,"얼굴 인식은 카메라를 통해 얼굴을 감지하고 분석하여 개인의 신원을 확인하는 기술입니다. 공공 보안, 출입 통제, 스마트폰 잠금 해제 등 다양한 분야에서 사용되며, 정확한 신원 확인을 위해 얼굴의 특징을 수학적으로 모델링하여 데이터베이스와 비교합니다."
Deepfake Detection(딥페이크 탐지),Deepfake Detection,딥페이크 탐지,"딥페이크 탐지 기술은 AI를 이용해 생성된 가짜 이미지나 동영상을 식별하는 기술입니다. 딥페이크는 AI 알고리즘을 사용해 실제와 매우 유사한 합성 영상을 만들 수 있어, 이를 탐지하는 기술은 매우 중요합니다. 이 기술은 영상 속 얼굴의 미세한 왜곡이나 패턴을 분석하여 진위를 판단합니다."
Video Analytics(비디오 분석),Video Analytics,비디오 분석,"비디오 분석은 인공지능과 머신러닝을 통해 비디오 데이터를 분석하는 기술입니다. 보안 카메라, 교통 모니터링, 스마트 시티 등에서 실시간 비디오 피드를 분석해 특정 이벤트를 자동으로 감지하거나 패턴을 식별합니다. 이 기술은 방대한 비디오 데이터를 자동으로 처리하고 분석해 효율성을 높이는 데 기여합니다."
Cloud Security(클라우드 보안),Cloud Security,클라우드 보안,"클라우드 보안은 클라우드 기반 인프라, 애플리케이션, 데이터를 보호하기 위한 보안 대책입니다. 기업들이 클라우드로 데이터를 전송하고 저장하는 과정에서 발생할 수 있는 보안 위협을 방지하기 위해 다양한 보안 솔루션을 적용합니다. 암호화, 접근 제어, 침입 탐지 시스템 등이 클라우드 보안의 주요 요소입니다."
Container Security(컨테이너 보안),Container Security,컨테이너 보안,"컨테이너 보안은 도커와 쿠버네티스 같은 컨테이너 기반 환경에서 애플리케이션을 보호하기 위한 보안 전략입니다. 컨테이너화된 애플리케이션은 이동성과 효율성이 높지만, 보안 측면에서 새로운 도전 과제를 제기합니다. 이에 대한 보안 대책으로는 이미지 스캔, 런타임 보안, 네트워크 분리 등이 있습니다."
Application Security(애플리케이션 보안),Application Security,애플리케이션 보안,"애플리케이션 보안은 소프트웨어 개발과 배포 과정에서 발생할 수 있는 보안 취약점을 보호하는 기술과 방법론입니다. 이는 코드 분석, 취약점 테스트, 접근 제어 등 다양한 방법을 포함하며, 애플리케이션이 해킹당하지 않도록 보호하는 중요한 과정입니다."
Zero-Day Attack(제로 데이 공격),Zero-Day Attack,제로 데이 공격,제로 데이 공격은 소프트웨어의 보안 취약점을 악용해 개발자나 사용자들이 해당 취약점을 인식하고 패치하기 전에 이루어지는 공격입니다. 이런 취약점은 공개되지 않거나 개발자들이 수정하지 않은 상태이기 때문에 공격자는 이를 악용해 시스템에 침투할 수 있습니다.
AI Cybersecurity(AI 사이버 보안),AI Cybersecurity,AI 사이버 보안,"AI 사이버 보안은 인공지능 기술을 활용해 사이버 공격을 탐지하고 방어하는 기술입니다. AI는 대규모 데이터를 분석해 패턴을 인식하고, 기존 보안 시스템보다 더 빠르고 정확하게 위협을 식별할 수 있습니다. 이 기술은 실시간으로 네트워크를 모니터링하고 이상 징후를 자동으로 탐지하여 빠르게 대응할 수 있습니다."
Cyber Insurance(사이버 보험),Cyber Insurance,사이버 보험,"사이버 보험은 기업이나 개인이 사이버 공격, 데이터 유출, 네트워크 중단 등으로 인한 피해를 대비하기 위해 가입하는 보험입니다. 이러한 보험은 사이버 위협으로 인한 재정적 손실을 보상해 주며, 최근 사이버 범죄의 증가로 인해 수요가 증가하고 있습니다."
Hacking Competitions(해킹 대회),Hacking Competitions,해킹 대회,"해킹 대회는 참가자들이 제한된 시간 내에 보안 취약점을 찾거나 문제를 해결하는 방식으로 진행되는 대회입니다. 이 대회는 화이트 해커들이 기술을 선보일 수 있는 장이기도 하며, 기업이나 정부 기관이 보안 취약점을 미리 탐지하기 위해 이러한 대회를 개최하기도 합니다."
Information Security Audit(정보 보안 감사),Information Security Audit,정보 보안 감사,"정보 보안 감사는 기업이나 조직의 정보 시스템, 네트워크, 소프트웨어 등의 보안 상태를 점검하고 개선점을 찾는 과정입니다. 주로 외부 전문가가 수행하며, 시스템 내 보안 취약점이 없는지, 데이터가 적절하게 보호되고 있는지 등을 확인합니다. 이를 통해 보안 정책의 효과성을 평가하고, 향후 발생할 수 있는 보안 위협에 대비할 수 있습니다."
Software Security(소프트웨어 보안),Software Security,소프트웨어 보안,"소프트웨어 보안은 소프트웨어 자체가 해킹, 악성 코드, 데이터 유출 등의 위협으로부터 안전하게 보호되도록 설계하고 유지하는 방법입니다. 소프트웨어 개발 초기부터 보안을 고려하여 코딩하고, 보안 패치와 업데이트를 통해 지속적으로 보안성을 강화하는 것이 중요합니다."
Network Security(네트워크 보안),Network Security,네트워크 보안,"네트워크 보안은 컴퓨터 네트워크와 관련된 모든 데이터의 안전성을 보장하기 위한 방법입니다. 이를 통해 외부로부터의 무단 접근, 데이터 유출, 해킹 등의 위협을 방지할 수 있습니다. 방화벽, 침입 탐지 시스템(IDS), 침입 방지 시스템(IPS) 등 다양한 보안 솔루션을 사용해 네트워크를 보호합니다."
Cloud Backup(클라우드 백업),Cloud Backup,클라우드 백업,"클라우드 백업은 데이터를 클라우드 서버에 저장하여 손실, 손상, 혹은 시스템 장애에 대비하는 방식입니다. 클라우드 백업을 사용하면 물리적인 저장장치 없이도 인터넷만 있으면 언제 어디서든 데이터를 복구할 수 있습니다. 비용 효율적이고, 데이터 보안 및 복구가 빠른 것이 장점입니다."
Data Integrity(데이터 무결성),Data Integrity,데이터 무결성,데이터 무결성은 데이터가 변형되거나 손상되지 않고 원본 그대로 유지되는 것을 의미합니다. 데이터를 저장하거나 전송할 때 어떠한 외부 요인이나 오류로 인해 데이터가 변경되지 않도록 보장하는 기술과 프로세스를 포함합니다. 이를 위해 데이터 검증 기술과 암호화 등이 사용됩니다.
Data Encryption(데이터 암호화),Data Encryption,데이터 암호화,"데이터 암호화는 데이터를 보호하기 위해 데이터를 읽을 수 없는 형태로 변환하는 기술입니다. 암호화된 데이터는 암호화 키를 가진 사람만이 해독할 수 있으며, 이를 통해 데이터가 외부로 유출되더라도 정보가 노출되지 않도록 보호할 수 있습니다."
Security Patch(보안 패치),Security Patch,보안 패치,"보안 패치는 소프트웨어의 보안 취약점을 수정하기 위해 배포되는 소프트웨어 업데이트입니다. 새로운 보안 위협이 발견될 때마다 소프트웨어 개발자는 해당 취약점을 해결하는 패치를 제공하며, 사용자는 이를 신속하게 적용해 시스템을 보호해야 합니다."
Security Automation(보안 자동화),Security Automation,보안 자동화,"보안 자동화는 보안 작업과 프로세스를 자동화하여 수동으로 처리할 때 발생할 수 있는 실수나 지연을 줄이고, 신속하게 보안 위협을 탐지하고 대응하는 방식입니다. 이를 통해 보안 운영팀의 부담을 줄이고, 보안 사건에 대한 대응 시간을 단축할 수 있습니다."
Risk Management(리스크 관리),Risk Management,리스크 관리,"리스크 관리는 기업이나 조직이 직면할 수 있는 다양한 위험 요소를 파악하고, 이를 최소화하기 위한 전략을 수립하는 과정입니다. 정보 보안 리스크 관리의 경우, 데이터 유출이나 시스템 침입 등과 같은 보안 위협에 대비하기 위해 적절한 대응 방안을 마련하는 것이 포함됩니다."
Cryptocurrency Wallet Security(암호화폐 지갑 보안),Cryptocurrency Wallet Security,암호화폐 지갑 보안,"암호화폐 지갑 보안은 암호화폐를 보관하고 관리하는 지갑의 보안을 강화하는 기술과 방법입니다. 지갑은 암호화폐의 소유와 전송을 관리하는 중요한 도구로, 해킹이나 도난에 취약할 수 있습니다. 지갑 보안을 위해 개인키 관리, 다중 서명, 2단계 인증 등이 사용됩니다."
Cloud Access Security Broker (CASB)(클라우드 접근 보안 브로커),Cloud Access Security Broker (CASB),클라우드 접근 보안 브로커,"CASB는 클라우드 서비스 사용 시 발생할 수 있는 보안 위협을 관리하고 통제하는 중개 솔루션입니다. 기업이 클라우드 애플리케이션과 서비스를 사용할 때 데이터 보호, 위협 방지, 규정 준수 등을 보장하기 위해 CASB가 중간에서 보안 정책을 적용합니다."
Bitcoin(비트코인),Bitcoin,비트코인,"비트코인은 최초의 분산형 암호화폐로, 중앙 은행이나 금융기관 없이 개인 간의 거래가 가능한 디지털 통화입니다. 블록체인 기술을 기반으로 하며, 거래 기록은 분산 장부에 기록되고 누구나 접근할 수 있는 투명한 시스템을 가지고 있습니다."
Ethereum(이더리움),Ethereum,이더리움,"이더리움은 비트코인과 유사한 암호화폐이지만, 스마트 계약 기능을 갖춘 블록체인 플랫폼입니다. 이를 통해 다양한 탈중앙화 애플리케이션(DApps)을 개발할 수 있으며, 금융, 게임, 소셜 네트워크 등 다양한 분야에서 활용됩니다."
Ethical AI(윤리적 AI),Ethical AI,윤리적 AI,"윤리적 AI는 인공지능(AI) 기술이 윤리적이고 책임감 있게 사용되도록 하는 원칙과 방법을 의미합니다. AI 시스템이 편향되거나 차별적인 결정을 내리지 않도록 설계하고, 데이터의 투명성과 사용자 프라이버시를 보장하는 것이 핵심입니다."
Ethical Hacking(윤리적 해킹),Ethical Hacking,윤리적 해킹,"윤리적 해킹은 허가받은 보안 전문가가 시스템의 취약점을 발견하기 위해 해킹 기술을 사용하는 것을 의미합니다. 이를 통해 실제 해커가 악용할 수 있는 보안 결함을 사전에 파악하고, 적절한 보안 조치를 취할 수 있습니다."
Quantum Key Distribution(퀀텀 키 분배),Quantum Key Distribution,퀀텀 키 분배,"퀀텀 키 분배는 양자 물리학의 원리를 이용해 암호화 키를 안전하게 전송하는 기술입니다. 양자 암호화는 중간에서 도청이나 변조가 발생할 경우 즉시 이를 감지할 수 있어, 기존의 암호화 방식보다 더 높은 보안성을 제공합니다."
Smart Learning(스마트 러닝),Smart Learning,스마트 러닝,"스마트 러닝은 최신 기술을 이용한 학습 방식으로, 학생들이 언제 어디서나 학습할 수 있도록 지원합니다. 인터넷, 인공지능(AI), 가상현실(VR) 등을 활용하여 학습 경험을 향상시키고, 개인 맞춤형 학습을 제공합니다. 스마트 러닝은 전통적인 교실 학습을 보완하며, 다양한 디지털 도구와 플랫폼을 통해 학습자에게 더 나은 학습 환경을 제공합니다."
Gene Analysis(유전자 분석),Gene Analysis,유전자 분석,"유전자 분석은 생물체의 유전 정보를 해석하는 과정으로, 특정 유전자의 구조와 기능을 파악하여 질병 진단, 맞춤형 치료, 생물학적 연구 등에 활용됩니다. 유전자 분석 기술은 의료, 생명공학 등 다양한 분야에서 빠르게 발전하고 있으며, 개인의 유전자 정보를 기반으로 건강 관리와 치료법을 개선하는 데 중요한 역할을 하고 있습니다."
Brain-Computer Interface(뇌-컴퓨터 인터페이스),Brain-Computer Interface,뇌-컴퓨터 인터페이스,"뇌-컴퓨터 인터페이스는 인간의 뇌와 컴퓨터를 직접 연결하여 뇌의 신호로 기계를 제어할 수 있는 기술입니다. 주로 신경과학, 로봇공학, 인공지능과 결합하여 사용되며, 특히 신체적 장애를 가진 사람들의 삶을 개선하는 데 중요한 역할을 합니다. 예를 들어, 생각만으로 휠체어를 움직이거나 기기를 제어하는 것이 가능합니다."
Smart Health(스마트 보건),Smart Health,스마트 보건,"스마트 보건은 정보통신기술(ICT)을 활용하여 건강 관리와 의료 서비스를 개선하는 방법입니다. 웨어러블 기기, 원격 진료, 모바일 헬스 앱 등 다양한 디지털 도구를 통해 실시간으로 건강 상태를 모니터링하고, 개인 맞춤형 의료 서비스를 제공합니다. 이를 통해 환자는 더 나은 의료 서비스를 받을 수 있으며, 의료비 절감과 효율성을 증대할 수 있습니다."
AI Doctor(AI 의사),AI Doctor,AI 의사,"AI 의사는 인공지능을 기반으로 한 진단 및 치료 지원 시스템입니다. AI는 환자의 증상과 의료 데이터를 분석하여 진단을 내리고, 최적의 치료법을 제안할 수 있습니다. 이를 통해 의사들은 더 정확하고 빠른 의료 결정을 내릴 수 있으며, 환자들에게 더 나은 의료 서비스를 제공할 수 있습니다."
Telemedicine(원격 진료),Telemedicine,원격 진료,"원격 진료는 인터넷과 통신 기술을 통해 의사와 환자가 물리적으로 떨어져 있어도 의료 상담과 치료를 받을 수 있는 시스템입니다. 원격 진료는 시간과 장소에 구애받지 않고 환자가 의료 서비스를 이용할 수 있게 하며, 특히 농촌 지역이나 의료 서비스 접근이 어려운 지역에서 유용하게 사용됩니다."
Genomics(유전체학),Genomics,유전체학,"유전체학은 생물의 전체 유전자를 연구하는 학문으로, 유전자 서열 분석을 통해 생명체의 유전적 특성을 파악합니다. 유전체 연구는 맞춤형 의료, 신약 개발, 생물학적 연구 등에서 중요한 역할을 하며, 특히 암과 같은 질병의 치료법을 개선하는 데 기여하고 있습니다."
Machine Intelligence(기계 지능),Machine Intelligence,기계 지능,"기계 지능은 인간의 인지 능력을 모방하는 인공지능 기술을 의미합니다. 기계는 데이터를 기반으로 학습하고 문제를 해결할 수 있으며, 이는 자율주행, 로봇 공학, 추천 시스템 등 다양한 분야에 적용됩니다. 기계 지능은 시간이 지남에 따라 더욱 발전하여 인간의 복잡한 문제를 해결하는 데 중요한 역할을 할 것입니다."
4D Printing(4D 프린팅),4D Printing,4D 프린팅,"4D 프린팅은 기존 3D 프린팅 기술에 시간의 개념을 추가하여, 출력된 객체가 특정 환경 조건에서 형태나 기능을 변화시키는 기술입니다. 이를 통해 제작된 제품은 외부의 자극에 반응하여 스스로 변화하거나 재구성할 수 있으며, 다양한 산업 분야에서 혁신적인 활용이 가능합니다."
Automation(오토메이션),Automation,오토메이션,"오토메이션은 기계나 소프트웨어가 사람의 개입 없이 작업을 자동으로 수행하는 기술입니다. 이는 생산 공정, 사무 업무, 데이터 처리 등 다양한 분야에서 활용되며, 효율성과 생산성을 높이는 동시에 인건비 절감에 기여합니다. 특히 로봇과 인공지능 기술의 발전으로 오토메이션의 적용 범위가 계속 확장되고 있습니다."
Robotic Process Automation (RPA)(로보틱 프로세스 자동화),Robotic Process Automation (RPA),로보틱 프로세스 자동화,"로보틱 프로세스 자동화는 반복적이고 규칙적인 업무를 소프트웨어 로봇이 자동으로 처리하는 기술입니다. RPA는 주로 회계, 고객 서비스, 데이터 입력 등의 업무에서 사용되며, 인간의 개입 없이 효율적으로 업무를 수행할 수 있어 시간과 비용을 절감할 수 있습니다."
Smart Robot(스마트 로봇),Smart Robot,스마트 로봇,"스마트 로봇은 인공지능을 탑재하여 자율적으로 판단하고 행동할 수 있는 로봇을 말합니다. 이 로봇은 센서를 통해 주변 환경을 인식하고, 학습 알고리즘을 통해 스스로 행동을 결정합니다. 스마트 로봇은 산업용 로봇뿐만 아니라 서비스 로봇, 의료 로봇 등 다양한 분야에서 사용되고 있습니다."
Motion Capture Technology(모션 캡처 기술),Motion Capture Technology,모션 캡처 기술,"모션 캡처 기술은 인간의 동작을 디지털 데이터로 변환하는 기술로, 영화, 게임, 가상현실(VR) 등에서 주로 사용됩니다. 배우나 사람의 움직임을 기록하여 3D 캐릭터나 애니메이션에 적용함으로써 현실감 있는 장면을 연출할 수 있습니다."
Digital Content Creation(디지털 콘텐츠 생성),Digital Content Creation,디지털 콘텐츠 생성,"디지털 콘텐츠 생성은 컴퓨터나 소프트웨어를 사용해 텍스트, 이미지, 비디오 등의 디지털 콘텐츠를 제작하는 과정입니다. 이 과정은 웹사이트, 소셜 미디어, 게임, 온라인 학습 등 다양한 디지털 미디어에서 중요한 역할을 하며, 인공지능 기술을 활용하여 효율성을 높일 수 있습니다."
AI Content Recommendation(AI 콘텐츠 추천),AI Content Recommendation,AI 콘텐츠 추천,"AI 콘텐츠 추천은 인공지능 기술을 활용해 사용자가 선호할 만한 콘텐츠를 자동으로 추천하는 시스템입니다. 이는 사용자의 이전 활동, 관심사, 검색 기록 등을 분석하여 맞춤형 콘텐츠를 제공하며, 주로 스트리밍 서비스, 전자 상거래, 소셜 미디어에서 널리 사용됩니다."
AI Content Creation(AI 창작),AI Content Creation,AI 창작,"AI 창작은 인공지능을 활용해 예술 작품, 음악, 문서 등의 콘텐츠를 자동으로 생성하는 기술입니다. AI는 방대한 데이터를 학습하고 이를 기반으로 새로운 창작물을 만들 수 있으며, 이는 디자인, 문학, 미디어 등 다양한 창작 분야에서 혁신적인 변화를 가져오고 있습니다."
Emotion Recognition AI(감정 인식 AI),Emotion Recognition AI,감정 인식 AI,"감정 인식 AI는 사람의 표정, 음성, 제스처 등을 분석하여 감정을 식별하는 기술입니다. 이러한 기술은 인간의 비언어적 신호를 이해하고 반응할 수 있도록 설계되었으며, 주로 고객 서비스, 의료, 교육 등에서 사용됩니다. 예를 들어, 콜센터에서 감정 인식 AI를 활용하면 고객의 감정 상태를 실시간으로 파악하고, 이를 기반으로 더 나은 서비스 제공이 가능합니다."
Unmanned Aerial Vehicles(무인 항공기),Unmanned Aerial Vehicles,무인 항공기,"무인 항공기는 사람이 탑승하지 않고 원격 제어 또는 자율 비행하는 항공기를 말합니다. 주로 군사, 물류, 농업 등 다양한 산업에서 사용되며, 정찰, 배달, 농작물 관리 등의 목적에 적합합니다. 최근에는 드론과 같은 소형 무인 항공기가 상업 및 개인용으로도 많이 사용되고 있습니다."
Autonomous Vehicles(자율주행차),Autonomous Vehicles,자율주행차,"자율주행차는 운전자가 없이도 스스로 도로를 주행할 수 있는 차량을 말합니다. 센서, 카메라, GPS, 인공지능 등의 기술을 활용하여 주변 환경을 인식하고, 도로 상황에 맞게 운전할 수 있습니다. 이는 교통 사고를 줄이고, 교통 체증을 완화하며, 미래의 모빌리티 혁신을 이끄는 중요한 기술입니다."
AI-Powered Logistics(AI 지원 물류),AI-Powered Logistics,AI 지원 물류,"AI 지원 물류는 인공지능 기술을 활용하여 물류 및 공급망 관리의 효율성을 극대화하는 것을 말합니다. AI는 물류 경로 최적화, 재고 관리, 수요 예측 등에서 중요한 역할을 하며, 물류 비용 절감과 더 빠른 배송을 가능하게 합니다."
Wireless Power Transmission(무선 전력 전송),Wireless Power Transmission,무선 전력 전송,"무선 전력 전송은 전선을 사용하지 않고 전기를 전송하는 기술입니다. 주로 스마트폰 무선 충전과 같은 소형 기기 충전에서부터 전기 자동차 충전, 의료 기기 전력 공급 등 다양한 분야에 적용되고 있으며, 미래 에너지 전달 방식의 혁신적인 기술로 주목받고 있습니다."
Hydrogen Energy(수소 에너지),Hydrogen Energy,수소 에너지,"수소 에너지는 수소를 연료로 사용하여 전기를 생성하거나 열을 생산하는 방식입니다. 수소는 연소 과정에서 탄소 배출이 거의 없기 때문에 친환경 에너지로 주목받고 있으며, 자동차, 발전소, 산업용 에너지원 등에서 사용이 점차 확대되고 있습니다."
AI Traffic Management(AI 교통 관리),AI Traffic Management,AI 교통 관리,"AI 교통 관리는 인공지능을 활용하여 교통 흐름을 최적화하고, 교통 혼잡을 줄이는 시스템입니다. AI는 교통 데이터를 분석하여 실시간으로 신호등을 제어하고, 교통 사고를 예방하며, 교통 체증을 완화할 수 있습니다. 이를 통해 도시 교통의 효율성을 높일 수 있습니다."
Smart Logistics(스마트 물류),Smart Logistics,스마트 물류,"스마트 물류는 자동화, 인공지능, 사물인터넷(IoT) 등의 기술을 활용하여 물류 프로세스를 최적화하는 것을 의미합니다. 물류 경로 최적화, 자동화 창고 관리, 실시간 배송 추적 등이 가능해지며, 비용 절감과 물류 효율성 향상에 기여합니다."
Smart Plant(스마트 플랜트),Smart Plant,스마트 플랜트,"스마트 플랜트는 인공지능, IoT, 빅데이터 등을 활용하여 공장 자동화 및 효율성을 높이는 공장을 의미합니다. 생산 과정에서 데이터를 실시간으로 수집하고 분석하여 문제를 사전에 예방하고, 운영 최적화를 통해 생산성을 높이는 데 중점을 둡니다."
Supply Chain Digitalization(공급망 디지털화),Supply Chain Digitalization,공급망 디지털화,"공급망 디지털화는 디지털 기술을 이용하여 공급망 전반을 최적화하는 것을 의미합니다. 물류, 재고 관리, 주문 처리 등의 과정을 자동화하고, 데이터 기반 의사 결정을 통해 비용 절감과 운영 효율성을 극대화합니다."
Production Optimization(생산 최적화),Production Optimization,생산 최적화,"생산 최적화는 생산 공정에서 자원을 효율적으로 활용하여 비용을 최소화하고 생산성을 극대화하는 방법입니다. 이를 위해 인공지능, IoT, 빅데이터 등을 활용하여 실시간으로 공정을 분석하고 개선할 수 있습니다."
Reshoring(리쇼어링),Reshoring,리쇼어링,"리쇼어링은 해외로 이전한 생산 시설을 다시 자국으로 돌아오게 하는 현상을 의미합니다. 이는 공급망 안정화, 고용 창출, 품질 관리 등의 이유로 진행되며, 특히 제조업에서 많이 이루어집니다."
Digital Sovereignty(디지털 주권),Digital Sovereignty,디지털 주권,"디지털 주권은 국가나 개인이 디지털 자원과 데이터를 자율적으로 통제할 수 있는 권리를 의미합니다. 이는 데이터 보호, 사이버 보안, 기술 의존성 감소와 관련이 있으며, 디지털 경제에서 중요한 개념으로 부상하고 있습니다."
Privacy-Enhancing Technologies(프라이버시 강화 기술),Privacy-Enhancing Technologies,프라이버시 강화 기술,"프라이버시 강화 기술은 개인 정보 보호를 위해 데이터를 안전하게 처리하고, 사용자의 프라이버시를 보호하는 기술입니다. 동형 암호화, 익명화, 차등 개인정보 보호 등의 기술이 사용되며, 데이터 보안과 사용자 신뢰를 높이는 데 중요한 역할을 합니다."
Quantum-Resistant Encryption(양자 저항 암호화),Quantum-Resistant Encryption,양자 저항 암호화,"양자 저항 암호화는 양자 컴퓨터의 위협에 대응하기 위해 개발된 암호화 기술입니다. 기존 암호화 기술은 양자 컴퓨터의 성능 앞에서 쉽게 해독될 가능성이 있지만, 양자 저항 암호화는 양자 컴퓨팅 기술로도 안전성을 유지할 수 있도록 설계되었습니다."
AI-Enhanced Legal Systems(AI 지원 법률),AI-Enhanced Legal Systems,AI 지원 법률,"AI 지원 법률 시스템은 인공지능을 활용하여 법률 분석, 계약 작성, 법적 자문 등의 업무를 지원하는 시스템입니다. AI는 방대한 법률 데이터를 분석하여 법률 전문가들이 더 빠르고 정확한 결정을 내릴 수 있도록 도와줍니다."
AI Legal Analysis(인공지능 법률 분석),AI Legal Analysis,인공지능 법률 분석,"인공지능 법률 분석은 AI가 법률 문서, 사례 등을 분석하여 법률 전문가들에게 통찰을 제공하는 기술입니다. 이는 법률 문서의 작성, 법적 판단에 필요한 정보를 신속하게 제공하여 법률 서비스의 효율성을 높일 수 있습니다."
Legal Automation(법률 자동화),Legal Automation,법률 자동화,"법률 자동화는 법률 서비스나 법률 절차의 일부를 자동화하는 기술을 의미합니다. 법률 자동화는 AI와 소프트웨어를 사용하여 계약서 작성, 법률 문서 분석, 소송 서류 작성, 법률 조언 제공 등의 작업을 자동화합니다. 이를 통해 법률 서비스의 효율성을 높이고, 비용을 절감하며, 반복적인 작업을 줄이는 데 도움을 줍니다. 예를 들어, 계약서 자동 작성 시스템은 사전에 입력된 조건을 바탕으로 필요한 계약서를 자동으로 생성할 수 있고, 법률 문서 분석 AI는 방대한 법률 자료에서 중요한 정보를 빠르게 추출할 수 있습니다."
Smart Contracts(스마트 계약),Smart Contracts,스마트 계약,"스마트 계약은 블록체인 기술을 이용하여 계약의 조건이 자동으로 실행되고 이행되는 계약을 말합니다. 스마트 계약은 조건이 충족되면 미리 정해진 규칙에 따라 자동으로 실행되며, 중간의 제3자가 필요 없이 안전하게 거래가 이루어집니다. 주로 금융, 부동산, 보험 등 다양한 분야에서 활용되고 있으며, 거래의 신뢰성과 투명성을 높이는 데 중요한 역할을 합니다."
Data-Driven Business(데이터 중심 비즈니스),Data-Driven Business,데이터 중심 비즈니스,"데이터 중심 비즈니스는 데이터를 기반으로 의사결정을 내리고 비즈니스 전략을 수립하는 방식입니다. 기업은 고객 행동, 시장 동향, 운영 데이터 등을 분석하여 더 나은 제품과 서비스를 제공하고, 경쟁 우위를 유지하기 위해 데이터 중심의 접근 방식을 채택합니다. 이를 통해 비용을 절감하고 수익성을 높일 수 있습니다."
AI Democracy(AI 민주주의),AI Democracy,AI 민주주의,"AI 민주주의는 인공지능 기술을 통해 정치적 과정과 결정을 민주적으로 개선하고 투명하게 만들려는 개념입니다. AI는 선거 관리, 정책 분석, 여론 조사 등의 과정에서 중요한 역할을 하며, 정부의 효율성과 신뢰성을 높이는 데 기여할 수 있습니다."
Smart Media(스마트 미디어),Smart Media,스마트 미디어,"스마트 미디어는 인공지능, 빅데이터 등의 기술을 활용하여 사용자에게 맞춤형 콘텐츠를 제공하는 미디어 시스템을 의미합니다. 이는 개인의 취향, 관심사, 행동 패턴 등을 분석하여 뉴스, 영화, 음악 등의 콘텐츠를 추천하고, 미디어 소비의 효율성을 높입니다."
Intelligent Filtering(지능형 필터링),Intelligent Filtering,지능형 필터링,"지능형 필터링은 인공지능과 머신러닝 알고리즘을 사용하여 불필요한 정보나 스팸을 필터링하고, 사용자에게 필요한 정보만을 제공하는 기술입니다. 이메일 필터링, 콘텐츠 추천 시스템 등에 활용되며, 사용자의 경험을 개선하고 정보 과부하를 줄이는 데 도움을 줍니다."
Open Source Security(오픈 소스 보안),Open Source Security,오픈 소스 보안,"오픈 소스 보안은 오픈 소스 소프트웨어에서 발생할 수 있는 보안 취약점을 관리하고 해결하는 방식을 말합니다. 오픈 소스는 누구나 접근할 수 있는 소스 코드를 제공하므로, 개발자와 보안 전문가가 함께 문제를 발견하고 해결할 수 있습니다. 이를 통해 보안성을 높이고 시스템의 안전성을 유지할 수 있습니다."
Blockchain-Based Authentication(블록체인 기반 인증),Blockchain-Based Authentication,블록체인 기반 인증,"블록체인 기반 인증은 블록체인의 분산 원장 기술을 활용하여 사용자 신원을 인증하는 방식입니다. 블록체인의 불변성과 분산된 구조 덕분에 인증 과정에서의 보안성이 강화되며, 중간 기관 없이도 신뢰할 수 있는 인증 시스템을 구축할 수 있습니다."
AI Recruiting(AI 채용),AI Recruiting,AI 채용,"AI 채용은 인공지능을 활용하여 채용 과정을 자동화하고 효율화하는 시스템입니다. AI는 이력서 분석, 면접 스케줄링, 후보자 평가 등을 통해 인재를 빠르고 정확하게 선발하며, 기업의 인력 관리 효율성을 크게 향상시킵니다"
Smart Resume(스마트 이력서),Smart Resume,스마트 이력서,"스마트 이력서는 AI와 데이터 분석 기술을 활용하여 이력서를 작성하고 관리하는 방식입니다. 이를 통해 지원자의 경험과 역량을 자동으로 분석하고, 더 효과적으로 구직 활동을 할 수 있도록 돕습니다. 또한 채용 담당자가 후보자를 더 쉽게 평가할 수 있는 이점이 있습니다."
Smart Interview(스마트 면접),Smart Interview,스마트 면접,"스마트 면접은 인공지능을 이용한 면접 시스템으로, 비대면으로 면접을 진행하고 후보자의 언어, 표정, 목소리 등을 분석하여 평가하는 방식입니다. 이를 통해 면접의 효율성과 공정성을 높일 수 있으며, 기업은 더 나은 인재를 선발할 수 있습니다."
Data Identity(데이터 신원),Data Identity,데이터 신원,"데이터 신원은 개인의 디지털 활동과 데이터에 기반하여 형성된 신원 정보입니다. 이를 통해 사용자는 여러 온라인 서비스에서 본인의 신원을 안전하게 인증할 수 있으며, 기업은 고객의 데이터를 더 효과적으로 관리하고 보호할 수 있습니다."
AI-Based Accounting(AI 기반 회계),AI-Based Accounting,AI 기반 회계,"AI 기반 회계는 인공지능 기술을 사용하여 회계 업무를 자동화하고 최적화하는 방식입니다. AI는 거래 내역 분석, 비용 절감 방안 제시, 재무 보고서 작성 등을 자동으로 처리하며, 회계사의 업무를 크게 줄여줍니다."
Smart Home(스마트 가정),Smart Home,스마트 가정,"스마트 가정은 IoT와 AI 기술을 이용하여 가정 내 전자 기기와 시스템을 자동으로 제어하고 관리하는 것을 의미합니다. 스마트 조명, 스마트 온도 조절기, 보안 시스템 등 다양한 기기들이 연결되어 사용자의 편의성과 에너지 효율성을 높입니다."
Smart Building(스마트 빌딩),Smart Building,스마트 빌딩,"스마트 빌딩은 IoT와 빅데이터 기술을 활용하여 건물의 운영과 관리를 효율화하는 시스템입니다. 에너지 관리, 보안, 통신 시스템 등을 자동으로 제어하여 에너지 절감과 쾌적한 환경을 제공합니다."
Smart Power(스마트 전력),Smart Power,스마트 전력,"스마트 전력은 전력 공급과 소비를 최적화하기 위해 AI와 IoT 기술을 사용하는 방식입니다. 이를 통해 전력 수요를 예측하고, 에너지 효율성을 극대화하며, 지속 가능한 에너지 사용을 가능하게 합니다."
Energy Storage Systems(에너지 저장 시스템),Energy Storage Systems,에너지 저장 시스템,"에너지 저장 시스템은 전력을 저장하고 필요할 때 이를 사용할 수 있게 해주는 기술입니다. 주로 재생 가능한 에너지의 변동성을 해결하기 위해 사용되며, 태양광이나 풍력 에너지를 저장하여 나중에 전력 공급이 필요한 시점에 사용할 수 있습니다."
Smart Parking(스마트 주차),Smart Parking,스마트 주차,"스마트 주차 시스템은 IoT 기술을 이용하여 실시간으로 주차 공간 정보를 제공하는 서비스입니다. 주차장에 설치된 센서나 카메라를 통해 주차 공간의 상태를 감지하고, 운전자에게 실시간으로 빈 공간을 알려줍니다. 이를 통해 주차 시간을 단축하고 교통 혼잡을 완화하며, 주차 관리의 효율성을 극대화할 수 있습니다. 스마트 주차는 주차 요금 자동 결제 시스템과 연동될 수도 있으며, 주차 공간 예약 기능을 제공하는 경우도 있습니다."
Digital Classroom(디지털 교실),Digital Classroom,디지털 교실,"디지털 교실은 전통적인 교실 환경을 대체하거나 보완하는 학습 환경으로, 태블릿, 스마트보드, 학습 관리 시스템(LMS)과 같은 디지털 기기를 이용합니다. 이를 통해 교사와 학생은 어디서나 원격 학습이 가능하며, 다양한 멀티미디어 자료를 활용하여 더욱 풍부한 학습 경험을 제공합니다. 또한, 수업 내용의 녹화와 재생, 즉각적인 피드백 제공 등 학습 효율을 높일 수 있는 여러 기능이 포함됩니다."
AI-Based Learning(AI 기반 학습),AI-Based Learning,AI 기반 학습,"AI 기반 학습은 인공지능을 활용해 개인 맞춤형 학습 경험을 제공합니다. AI는 학생의 학습 성과를 분석하여 학습 스타일에 맞는 자료와 문제를 추천하고, 어려움을 겪는 부분에 대한 추가적인 피드백을 제공하는 방식입니다. 예를 들어, 특정 수학 문제에서 어려움을 느끼는 학생에게는 해당 개념을 반복 학습하도록 돕는 시스템이 제공될 수 있으며, 학습 진행 상황을 실시간으로 모니터링하여 맞춤형 학습 경로를 설정할 수 있습니다."
Social AI(소셜 AI),Social AI,소셜 AI,"소셜 AI는 인간의 사회적 행동과 의사소통을 이해하고 이를 모방하는 인공지능 시스템입니다. 이 기술은 사람과 대화하고 감정 상태를 인식하여, 더 자연스럽고 인간적인 대화 경험을 제공합니다. 소셜 AI는 주로 고객 서비스나 가상 비서, 헬스케어 등의 분야에서 사용되며, 사람의 감정과 의도를 분석하여 더 나은 상호작용을 목표로 합니다. 예를 들어, 고객이 불만을 제기할 때 AI가 그들의 감정을 파악하고 적절한 응답을 제공하는 방식입니다."
Real-Time Translation(실시간 번역),Real-Time Translation,실시간 번역,"실시간 번역은 인공지능과 자연어 처리(NLP) 기술을 활용해, 두 언어 간의 통역을 실시간으로 제공하는 시스템입니다. 이 기술은 사용자가 말하거나 텍스트를 입력하는 순간 바로 다른 언어로 번역하여 제공하며, 회의나 여행 등 다양한 상황에서 언어 장벽을 허물 수 있습니다. 실시간 번역 기술은 스마트폰 앱, 웨어러블 기기, 웹 서비스 등에 통합되어 있으며, 음성 인식 및 문장 구조 이해를 통해 높은 정확도의 번역을 목표로 합니다."
Global Education Network(글로벌 교육 네트워크),Global Education Network,글로벌 교육 네트워크,"글로벌 교육 네트워크는 인터넷과 디지털 기술을 통해 전 세계의 학습자와 교육자를 연결하는 플랫폼입니다. 이를 통해 다른 국가나 문화에서 온 사람들과 학습 경험을 공유하고 협업하며, 글로벌 교육 콘텐츠에 접근할 수 있습니다. 또한, 학생들은 다양한 언어와 문화적 배경을 가진 동료들과의 상호작용을 통해 글로벌 관점을 넓힐 수 있습니다."
Smart Research(스마트 연구),Smart Research,스마트 연구,"스마트 연구는 AI와 빅데이터 분석을 통해 연구 과정을 자동화하고 효율성을 높이는 연구 방법입니다. 연구자들은 대량의 데이터를 빠르게 처리하고, 인공지능을 활용해 새로운 패턴과 인사이트를 도출할 수 있습니다. 스마트 연구는 의학, 생물학, 공학 등 다양한 분야에서 활용되며, 연구 결과의 정확성과 신뢰성을 높이는 데 기여합니다."
Collaborative Learning(협동 학습),Collaborative Learning,협동 학습,"협동 학습은 학생들이 팀을 이루어 함께 문제를 해결하고 학습하는 방식입니다. 이 방식은 학습자 간의 상호작용을 촉진하며, 서로의 지식과 의견을 교환함으로써 더 깊은 학습이 가능해집니다. 디지털 기술을 활용한 협동 학습에서는 온라인 토론, 프로젝트 기반 학습 등을 통해 전 세계의 학습자들과 협업할 수 있는 기회가 주어집니다."
AI Coding(코딩 AI),AI Coding,코딩 AI,"AI 코딩은 인공지능 기술을 활용하여 자동으로 코드를 작성하거나, 개발자가 코드를 작성하는 데 도움을 주는 기술입니다. AI는 기존의 코드를 분석하고, 버그를 찾거나 코드 최적화 방법을 제안하며, 새로운 코드 생성을 지원합니다. 이를 통해 개발자는 생산성을 높이고, 복잡한 문제 해결에 집중할 수 있습니다."
Digital Agriculture(디지털 농업),Digital Agriculture,디지털 농업,"디지털 농업은 IoT, 빅데이터, AI와 같은 첨단 기술을 활용하여 농업 생산성을 높이는 방법을 의미합니다. 농민들은 디지털 장치를 통해 토양 상태, 날씨 정보, 작물의 생육 상황 등을 실시간으로 모니터링할 수 있으며, 이를 바탕으로 최적의 농업 관리 전략을 세울 수 있습니다. 디지털 농업은 효율성을 높이고, 자원 낭비를 줄이며, 농업의 지속 가능성을 향상시킵니다."
Autonomous Agriculture(자율 농업),Autonomous Agriculture,자율 농업,"자율 농업은 자율 주행 기술을 농업에 적용하여, 농업 기계가 인간의 개입 없이 스스로 작업을 수행하는 방식입니다. 자율 트랙터, 드론 등을 이용하여 토양 분석, 파종, 수확 등의 작업을 자동으로 처리하며, 이를 통해 노동력을 절감하고 생산성을 극대화할 수 있습니다."
Smart Energy(스마트 에너지),Smart Energy,스마트 에너지,"스마트 에너지는 전력 소비와 생산을 효율적으로 관리하는 기술입니다. IoT와 AI 기술을 활용하여 에너지 사용 패턴을 분석하고, 필요한 시점에 최적의 에너지를 공급하는 방식입니다. 이를 통해 에너지 소비를 줄이고, 비용 절감과 함께 환경 보호에도 기여할 수 있습니다."
Smart Waste Management(스마트 폐기물 관리),Smart Waste Management,스마트 폐기물 관리,"스마트 폐기물 관리는 IoT와 빅데이터를 활용하여 폐기물 수거와 처리를 효율적으로 관리하는 시스템입니다. 폐기물 수거 차량의 경로를 최적화하고, 도시 내 쓰레기통의 상태를 실시간으로 모니터링하여, 효율적으로 폐기물을 관리할 수 있습니다."
Sustainable Technology(지속 가능한 기술),Sustainable Technology,지속 가능한 기술,"지속 가능한 기술은 환경 보호와 자원 절약을 목표로 한 기술들을 말합니다. 이는 재생 가능한 에너지, 에너지 효율성, 폐기물 관리 등의 분야에서 널리 사용되며, 지속 가능한 발전을 위해 필수적인 기술입니다. 이러한 기술들은 환경에 미치는 영향을 최소화하면서도 경제적 이익을 창출할 수 있도록 설계되었습니다."
Digital Ethics(디지털 윤리),Digital Ethics,디지털 윤리,"디지털 윤리는 디지털 기술의 개발 및 사용에 있어서 윤리적 기준을 제시하는 개념입니다. 이는 개인 정보 보호, 공정성, 투명성, 책임감 등을 포함하며, AI, 빅데이터, 블록체인과 같은 첨단 기술이 사회에 미치는 영향을 고려합니다. 디지털 윤리는 기술 혁신과 사회적 책임 간의 균형을 맞추는 것을 목표로 합니다."
Energy Blockchain(에너지 블록체인),Energy Blockchain,에너지 블록체인,"에너지 블록체인은 블록체인 기술을 활용하여 에너지 거래를 투명하고 안전하게 관리하는 시스템입니다. 이를 통해 소비자들은 자신이 생산한 재생 에너지를 블록체인 네트워크를 통해 거래할 수 있으며, 에너지 거래의 투명성과 효율성이 크게 향상됩니다."
